GlobSig	CER6_p	CER7ab	R_CERCR2_p	CER9_v	CER6_a	L_CERCR2_a	CER9_d	CER9_m	CER7b_m	L_CERCR2_p	CER7b_l	N	CERCR1	CER6_d	CER5	R_CERCR2_a	POsul_d	POsul_v	VMPFcor_p	R_MTgyr_a	L_ANGgyr	L_MTgyr_p	L_MTgyr_a	DMPFC_ar	L_SFsul_a	DMPFcor_ac	PCcor	POsul	L_IPlob	PGACcor	VMPFcor_a	PRC_d	SFgyr_ad	L_IPlob	R_ANGgyr	PRC_v	R_MTgyr_p	PRC_d	R_MFgyr_a	L_DVIS_v	SPlob	R_VLPFcor	FUSgyr_vl	R_IFsul	FP	R_DVIS_v	L_FP_l	SPlob	L_MFgyr_pc	L_VLPFcor	OCCTgyr_l	ACcor_d	L_MFgyr_pr	R_MFgyr_p	R_IPsul	L_IFsul	DVIS_s	FUSgyr_dl	R_SFsul	R_IPlob	R_FP_l	R_PORB	DMPFcor_p	L_IPsul	L_MFgyr_a	DVIS_vl	CAUDNH_NACC	COLsul	LORBgyr	ITgyr	STgyr_a	MORBgyr	PINS_v	TP	HIPP	AMY	PIsul	CERVM	L_MOTnet_dl	MOTnet_am	R_MOTnet_dl	MOTnet_m	MOTnet_ml	MOTnet_vl	MOTnet_l	l_PCsul	CNGsul_p	PUT_p	AINS_pd	CAUDN_d	AINS_v	FEF	PCsul_d	IMsul	STgyr_p	CAUDN_v	PUT_a	HSgyr	PSMcor_p	PSMcor_a	SMgyr	THAL_d	THAL_v	R_PCsul	PINS_d	STgyr_m	PCcor	AINS_ad	CAUDN	PVISnet_l	MDVISnet_p	MDVISnet_a	LVISnet_vp	MVISnet_p	MVISnet_av	LVISnet_p	PVISnet_dm	PVISnet_vm	MVISnet_ad	VVISnet_l	LVISnet_DP	VVISnet_m
0.057212812628817965	0.0	0.0	0.0	0.0	0.0	0.0	0.0	0.0	0.0	0.0	0.0	0.0	0.0	0.0	0.0	0.0	-0.5139469705405645	0.0	0.0	0.0	0.0	0.0	0.0	0.0	0.0	0.0	0.0	0.0	0.0008151236921548844	0.0	0.0	0.06562375277280807	0.0	0.01136525982292369	0.0	0.0	0.0	0.0	0.0	2.1311940990706693	0.0	0.0	0.0	0.0	0.0	0.0	0.0	0.0	0.0	0.0	0.0	0.0	0.0	0.0	0.0	0.0	0.0	0.0	0.0	0.0	0.0	0.0	0.0	-0.2788223886077213	0.0	-0.5119460568610985	0.0	0.0	0.0	0.0	0.0	0.0	0.0	0.0	0.0	0.0	0.0	0.0	0.0	0.0	0.0	0.0	0.0	0.0	0.0	0.0	0.0	0.0	0.0	0.0	0.0	0.0	0.0	0.0	0.0	0.0	0.0	0.0	0.0	0.0	0.0	0.0	0.0	0.0	0.0	0.0	0.0	0.0	0.0	0.13546639826265164	-0.45900598026457284	-1.445784150250256	0.0	0.0	0.0	0.007996166124939919	-0.0015753547195345163	0.0	0.0	0.0	0.5281142875306554	0.0
-0.36998893316281345	0.0	0.0	0.0	0.0	0.0	0.0	0.0	0.0	0.0	0.0	0.0	0.0	0.0	0.0	0.0	0.0	-0.03551966149243526	0.0	0.0	0.0	0.0	0.0	0.0	0.0	0.0	0.0	0.0	0.0	-0.004362884419970214	0.0	0.0	-0.003015534719452262	0.0	-0.04360410198569298	0.0	0.0	0.0	0.0	0.0	0.595379814699403	0.0	0.0	0.0	0.0	0.0	0.0	0.0	0.0	0.0	0.0	0.0	0.0	0.0	0.0	0.0	0.0	0.0	0.0	0.0	0.0	0.0	0.0	0.0	-0.49330432604480673	0.0	0.16017615933843116	0.0	0.0	0.0	0.0	0.0	0.0	0.0	0.0	0.0	0.0	0.0	0.0	0.0	0.0	0.0	0.0	0.0	0.0	0.0	0.0	0.0	0.0	0.0	0.0	0.0	0.0	0.0	0.0	0.0	0.0	0.0	0.0	0.0	0.0	0.0	0.0	0.0	0.0	0.0	0.0	0.0	0.0	0.0	-0.23754639652208426	-0.8787931187433147	-0.8758404840070467	0.0	0.0	0.0	-0.002640212692009906	0.04292764477577293	0.0	0.0	0.0	-1.036522751388135	0.0
-0.42973581030222907	0.0	0.0	0.0	0.0	0.0	0.0	0.0	0.0	0.0	0.0	0.0	0.0	0.0	0.0	0.0	0.0	0.19712447889032775	0.0	0.0	0.0	0.0	0.0	0.0	0.0	0.0	0.0	0.0	0.0	-0.008592524053528904	0.0	0.0	-0.023674964904785156	0.0	-0.057278407737612724	0.0	0.0	0.0	0.0	0.0	-1.6292782912286488	0.0	0.0	0.0	0.0	0.0	0.0	0.0	0.0	0.0	0.0	0.0	0.0	0.0	0.0	0.0	0.0	0.0	0.0	0.0	0.0	0.0	0.0	0.0	-0.21781784480690283	0.0	0.15270958203658896	0.0	0.0	0.0	0.0	0.0	0.0	0.0	0.0	0.0	0.0	0.0	0.0	0.0	0.0	0.0	0.0	0.0	0.0	0.0	0.0	0.0	0.0	0.0	0.0	0.0	0.0	0.0	0.0	0.0	0.0	0.0	0.0	0.0	0.0	0.0	0.0	0.0	0.0	0.0	0.0	0.0	0.0	0.0	-0.2009822975296993	-0.6863476150125886	0.4872035598870403	0.0	0.0	0.0	0.006282146961893886	0.04408822380355559	0.0	0.0	0.0	-0.9095256297240177	0.0
0.04792524184974777	0.0	0.0	0.0	0.0	0.0	0.0	0.0	0.0	0.0	0.0	0.0	0.0	0.0	0.0	0.0	0.0	-0.27479820568914876	0.0	0.0	0.0	0.0	0.0	0.0	0.0	0.0	0.0	0.0	0.0	0.007082052296027541	0.0	0.0	-0.009905739687383175	0.0	-0.012531783431768417	0.0	0.0	0.0	0.0	0.0	-0.29960523368024466	0.0	0.0	0.0	0.0	0.0	0.0	0.0	0.0	0.0	0.0	0.0	0.0	0.0	0.0	0.0	0.0	0.0	0.0	0.0	0.0	0.0	0.0	0.0	0.04364949144903531	0.0	-0.06209077981692006	0.0	0.0	0.0	0.0	0.0	0.0	0.0	0.0	0.0	0.0	0.0	0.0	0.0	0.0	0.0	0.0	0.0	0.0	0.0	0.0	0.0	0.0	0.0	0.0	0.0	0.0	0.0	0.0	0.0	0.0	0.0	0.0	0.0	0.0	0.0	0.0	0.0	0.0	0.0	0.0	0.0	0.0	0.0	0.018053562850691377	-0.19449732860195496	0.16524976907374087	0.0	0.0	0.0	0.01675427204463631	0.004102939972653985	0.0	0.0	0.0	0.4510975986674996	0.0
0.7297203108231463	0.0	0.0	0.0	0.0	0.0	0.0	0.0	0.0	0.0	0.0	0.0	0.0	0.0	0.0	0.0	0.0	-0.26443669378786583	0.0	0.0	0.0	0.0	0.0	0.0	0.0	0.0	0.0	0.0	0.0	0.03511510426178575	0.0	0.0	-0.025641193613409996	0.0	-0.0007750801742076874	0.0	0.0	0.0	0.0	0.0	3.748274559573612	0.0	0.0	0.0	0.0	0.0	0.0	0.0	0.0	0.0	0.0	0.0	0.0	0.0	0.0	0.0	0.0	0.0	0.0	0.0	0.0	0.0	0.0	0.0	0.02448225236359112	0.0	0.3622481977713215	0.0	0.0	0.0	0.0	0.0	0.0	0.0	0.0	0.0	0.0	0.0	0.0	0.0	0.0	0.0	0.0	0.0	0.0	0.0	0.0	0.0	0.0	0.0	0.0	0.0	0.0	0.0	0.0	0.0	0.0	0.0	0.0	0.0	0.0	0.0	0.0	0.0	0.0	0.0	0.0	0.0	0.0	0.0	-0.07296273462241515	0.4273607588062684	-0.7203833601916603	0.0	0.0	0.0	-0.014023393819419047	-0.0381571389734745	0.0	0.0	0.0	0.6656572185559096	0.0
0.6994561055325903	0.0	0.0	0.0	0.0	0.0	0.0	0.0	0.0	0.0	0.0	0.0	0.0	0.0	0.0	0.0	0.0	0.33764809351414443	0.0	0.0	0.0	0.0	0.0	0.0	0.0	0.0	0.0	0.0	0.0	0.05237063504755497	0.0	0.0	-0.0778035819530487	0.0	-0.09243744239211082	0.0	0.0	0.0	0.0	0.0	3.878904190309393	0.0	0.0	0.0	0.0	0.0	0.0	0.0	0.0	0.0	0.0	0.0	0.0	0.0	0.0	0.0	0.0	0.0	0.0	0.0	0.0	0.0	0.0	0.0	-0.4396132299121707	0.0	1.1428199456633128	0.0	0.0	0.0	0.0	0.0	0.0	0.0	0.0	0.0	0.0	0.0	0.0	0.0	0.0	0.0	0.0	0.0	0.0	0.0	0.0	0.0	0.0	0.0	0.0	0.0	0.0	0.0	0.0	0.0	0.0	0.0	0.0	0.0	0.0	0.0	0.0	0.0	0.0	0.0	0.0	0.0	0.0	0.0	-0.48119856835459357	0.7271618376486003	-0.0513701360547342	0.0	0.0	0.0	-0.08853215724229813	-0.06479833515186328	0.0	0.0	0.0	-0.7022883168870716	0.0
-0.22547693143215056	0.0	0.0	0.0	0.0	0.0	0.0	0.0	0.0	0.0	0.0	0.0	0.0	0.0	0.0	0.0	0.0	0.3017343834741041	0.0	0.0	0.0	0.0	0.0	0.0	0.0	0.0	0.0	0.0	0.0	0.048975192755460736	0.0	0.0	-0.10720332711935043	0.0	-0.17327546328306198	0.0	0.0	0.0	0.0	0.0	-1.486155458171911	0.0	0.0	0.0	0.0	0.0	0.0	0.0	0.0	0.0	0.0	0.0	0.0	0.0	0.0	0.0	0.0	0.0	0.0	0.0	0.0	0.0	0.0	0.0	-1.3200416149809322	0.0	1.3432606443554718	0.0	0.0	0.0	0.0	0.0	0.0	0.0	0.0	0.0	0.0	0.0	0.0	0.0	0.0	0.0	0.0	0.0	0.0	0.0	0.0	0.0	0.0	0.0	0.0	0.0	0.0	0.0	0.0	0.0	0.0	0.0	0.0	0.0	0.0	0.0	0.0	0.0	0.0	0.0	0.0	0.0	0.0	0.0	-0.785053712464869	0.24306762003384175	1.3680141592272916	0.0	0.0	0.0	-0.1354127861559391	-0.05849210422456963	0.0	0.0	0.0	-1.5305913793803243	0.0
-0.9191739597328552	0.0	0.0	0.0	0.0	0.0	0.0	0.0	0.0	0.0	0.0	0.0	0.0	0.0	0.0	0.0	0.0	-0.6120072728255763	0.0	0.0	0.0	0.0	0.0	0.0	0.0	0.0	0.0	0.0	0.0	0.028265407681465148	0.0	0.0	-0.0814262256026268	0.0	-0.07009668834507465	0.0	0.0	0.0	0.0	0.0	-4.722819370801171	0.0	0.0	0.0	0.0	0.0	0.0	0.0	0.0	0.0	0.0	0.0	0.0	0.0	0.0	0.0	0.0	0.0	0.0	0.0	0.0	0.0	0.0	0.0	-2.1116589553495673	0.0	0.8592223899557869	0.0	0.0	0.0	0.0	0.0	0.0	0.0	0.0	0.0	0.0	0.0	0.0	0.0	0.0	0.0	0.0	0.0	0.0	0.0	0.0	0.0	0.0	0.0	0.0	0.0	0.0	0.0	0.0	0.0	0.0	0.0	0.0	0.0	0.0	0.0	0.0	0.0	0.0	0.0	0.0	0.0	0.0	0.0	-0.7588127059326507	-0.6132750170926253	1.21279022998575	0.0	0.0	0.0	-0.08624496931831042	0.004395499667225522	0.0	0.0	0.0	-0.7409364187240519	0.0
-0.456998756280456	0.0	0.0	0.0	0.0	0.0	0.0	0.0	0.0	0.0	0.0	0.0	0.0	0.0	0.0	0.0	0.0	-1.1796298712099087	0.0	0.0	0.0	0.0	0.0	0.0	0.0	0.0	0.0	0.0	0.0	-0.004951563104987145	0.0	0.0	-0.03305744379758835	0.0	0.1484270729124546	0.0	0.0	0.0	0.0	0.0	-0.6420523977390479	0.0	0.0	0.0	0.0	0.0	0.0	0.0	0.0	0.0	0.0	0.0	0.0	0.0	0.0	0.0	0.0	0.0	0.0	0.0	0.0	0.0	0.0	0.0	-2.124024544946572	0.0	0.38277576118707657	0.0	0.0	0.0	0.0	0.0	0.0	0.0	0.0	0.0	0.0	0.0	0.0	0.0	0.0	0.0	0.0	0.0	0.0	0.0	0.0	0.0	0.0	0.0	0.0	0.0	0.0	0.0	0.0	0.0	0.0	0.0	0.0	0.0	0.0	0.0	0.0	0.0	0.0	0.0	0.0	0.0	0.0	0.0	-0.5269387691793963	-0.7490698240927962	-0.42742498241221677	0.0	0.0	0.0	0.024874200733999412	0.08770603457378456	0.0	0.0	0.0	0.2756796437776187	0.0
0.47397461501106947	0.0	0.0	0.0	0.0	0.0	0.0	0.0	0.0	0.0	0.0	0.0	0.0	0.0	0.0	0.0	0.0	-0.7833663244266063	0.0	0.0	0.0	0.0	0.0	0.0	0.0	0.0	0.0	0.0	0.0	-0.034915604442358014	0.0	0.0	0.0008085441659204662	0.0	0.1938128024339676	0.0	0.0	0.0	0.0	0.0	4.539164637368691	0.0	0.0	0.0	0.0	0.0	0.0	0.0	0.0	0.0	0.0	0.0	0.0	0.0	0.0	0.0	0.0	0.0	0.0	0.0	0.0	0.0	0.0	0.0	-1.3835340835367071	0.0	0.1956805222212	0.0	0.0	0.0	0.0	0.0	0.0	0.0	0.0	0.0	0.0	0.0	0.0	0.0	0.0	0.0	0.0	0.0	0.0	0.0	0.0	0.0	0.0	0.0	0.0	0.0	0.0	0.0	0.0	0.0	0.0	0.0	0.0	0.0	0.0	0.0	0.0	0.0	0.0	0.0	0.0	0.0	0.0	0.0	-0.18812047102488577	0.1751883133004109	-1.3870910267260534	0.0	0.0	0.0	0.0884599635998408	0.09541508226539008	0.0	0.0	0.0	0.4976675147318619	0.0
0.5061270195034063	0.0	0.0	0.0	0.0	0.0	0.0	0.0	0.0	0.0	0.0	0.0	0.0	0.0	0.0	0.0	0.0	-0.2702571867615916	0.0	0.0	0.0	0.0	0.0	0.0	0.0	0.0	0.0	0.0	0.0	-0.03325105104595423	0.0	0.0	0.01851213350892067	0.0	-0.030375194735825062	0.0	0.0	0.0	0.0	0.0	2.6105487255123148	0.0	0.0	0.0	0.0	0.0	0.0	0.0	0.0	0.0	0.0	0.0	0.0	0.0	0.0	0.0	0.0	0.0	0.0	0.0	0.0	0.0	0.0	0.0	-0.9287999013879713	0.0	0.03666082528380162	0.0	0.0	0.0	0.0	0.0	0.0	0.0	0.0	0.0	0.0	0.0	0.0	0.0	0.0	0.0	0.0	0.0	0.0	0.0	0.0	0.0	0.0	0.0	0.0	0.0	0.0	0.0	0.0	0.0	0.0	0.0	0.0	0.0	0.0	0.0	0.0	0.0	0.0	0.0	0.0	0.0	0.0	0.0	0.265140734561719	1.0628970918910845	-1.1716940993622231	0.0	0.0	0.0	0.05191785593827566	0.00887354527367279	0.0	0.0	0.0	0.6809445945904232	0.0
-0.5460032394160369	0.0	0.0	0.0	0.0	0.0	0.0	0.0	0.0	0.0	0.0	0.0	0.0	0.0	0.0	0.0	0.0	-0.3725467855692841	0.0	0.0	0.0	0.0	0.0	0.0	0.0	0.0	0.0	0.0	0.0	0.003717341087758541	0.0	0.0	0.022041652351617813	0.0	-0.22966688126325607	0.0	0.0	0.0	0.0	0.0	-3.604569765093701	0.0	0.0	0.0	0.0	0.0	0.0	0.0	0.0	0.0	0.0	0.0	0.0	0.0	0.0	0.0	0.0	0.0	0.0	0.0	0.0	0.0	0.0	0.0	-1.6285528739062236	0.0	-0.02886022501773736	0.0	0.0	0.0	0.0	0.0	0.0	0.0	0.0	0.0	0.0	0.0	0.0	0.0	0.0	0.0	0.0	0.0	0.0	0.0	0.0	0.0	0.0	0.0	0.0	0.0	0.0	0.0	0.0	0.0	0.0	0.0	0.0	0.0	0.0	0.0	0.0	0.0	0.0	0.0	0.0	0.0	0.0	0.0	0.6126750943064689	0.6292701949143693	-1.4693384994824346	0.0	0.0	0.0	-0.021750761196017265	-0.048608166369376704	0.0	0.0	0.0	0.8061195308557496	0.0
-1.5818914186540343	0.0	0.0	0.0	0.0	0.0	0.0	0.0	0.0	0.0	0.0	0.0	0.0	0.0	0.0	0.0	0.0	-0.625360829901183	0.0	0.0	0.0	0.0	0.0	0.0	0.0	0.0	0.0	0.0	0.0	0.031620593089610335	0.0	0.0	0.0034913583658635616	0.0	-0.10373493400402367	0.0	0.0	0.0	0.0	0.0	-4.917154779544253	0.0	0.0	0.0	0.0	0.0	0.0	0.0	0.0	0.0	0.0	0.0	0.0	0.0	0.0	0.0	0.0	0.0	0.0	0.0	0.0	0.0	0.0	0.0	-2.689727371023532	0.0	0.28555387478480315	0.0	0.0	0.0	0.0	0.0	0.0	0.0	0.0	0.0	0.0	0.0	0.0	0.0	0.0	0.0	0.0	0.0	0.0	0.0	0.0	0.0	0.0	0.0	0.0	0.0	0.0	0.0	0.0	0.0	0.0	0.0	0.0	0.0	0.0	0.0	0.0	0.0	0.0	0.0	0.0	0.0	0.0	0.0	0.4655546180997044	-0.9261027853359424	-2.622501024754288	0.0	0.0	0.0	-0.04414217111965021	0.016854727524332702	0.0	0.0	0.0	-0.8756741527774996	0.0
-1.6627446573675884	0.0	0.0	0.0	0.0	0.0	0.0	0.0	0.0	0.0	0.0	0.0	0.0	0.0	0.0	0.0	0.0	-0.3278350874956232	0.0	0.0	0.0	0.0	0.0	0.0	0.0	0.0	0.0	0.0	0.0	0.007536977156996727	0.0	0.0	-0.01773744262754917	0.0	0.20857419818639755	0.0	0.0	0.0	0.0	0.0	-0.34733248499658287	0.0	0.0	0.0	0.0	0.0	0.0	0.0	0.0	0.0	0.0	0.0	0.0	0.0	0.0	0.0	0.0	0.0	0.0	0.0	0.0	0.0	0.0	0.0	-2.0569359211664784	0.0	0.533044086712254	0.0	0.0	0.0	0.0	0.0	0.0	0.0	0.0	0.0	0.0	0.0	0.0	0.0	0.0	0.0	0.0	0.0	0.0	0.0	0.0	0.0	0.0	0.0	0.0	0.0	0.0	0.0	0.0	0.0	0.0	0.0	0.0	0.0	0.0	0.0	0.0	0.0	0.0	0.0	0.0	0.0	0.0	0.0	-0.0967925531975925	-1.9996853544243745	-2.368013004786693	0.0	0.0	0.0	-0.006456358358263969	0.09677328055113321	0.0	0.0	0.0	-4.188662577788908	0.0
-0.7777316677029503	0.0	0.0	0.0	0.0	0.0	0.0	0.0	0.0	0.0	0.0	0.0	0.0	0.0	0.0	0.0	0.0	0.4459237126080552	0.0	0.0	0.0	0.0	0.0	0.0	0.0	0.0	0.0	0.0	0.0	-0.046653568372130395	0.0	0.0	-0.000735352048650384	0.0	0.30386796593666077	0.0	0.0	0.0	0.0	0.0	2.0448362023357443	0.0	0.0	0.0	0.0	0.0	0.0	0.0	0.0	0.0	0.0	0.0	0.0	0.0	0.0	0.0	0.0	0.0	0.0	0.0	0.0	0.0	0.0	0.0	1.1534900349426143	0.0	-0.1668783553747183	0.0	0.0	0.0	0.0	0.0	0.0	0.0	0.0	0.0	0.0	0.0	0.0	0.0	0.0	0.0	0.0	0.0	0.0	0.0	0.0	0.0	0.0	0.0	0.0	0.0	0.0	0.0	0.0	0.0	0.0	0.0	0.0	0.0	0.0	0.0	0.0	0.0	0.0	0.0	0.0	0.0	0.0	0.0	-0.33271896430291237	-1.3432175702825633	0.6655043410334306	0.0	0.0	0.0	0.036537300795316696	0.01471392996609211	0.0	0.0	0.0	-5.086619660503917	0.0
0.6200780186758698	0.0	0.0	0.0	0.0	0.0	0.0	0.0	0.0	0.0	0.0	0.0	0.0	0.0	0.0	0.0	0.0	1.2316042983205988	0.0	0.0	0.0	0.0	0.0	0.0	0.0	0.0	0.0	0.0	0.0	-0.06891557918861509	0.0	0.0	0.04742806404829025	0.0	0.08348654955625534	0.0	0.0	0.0	0.0	0.0	-1.4761061031943117	0.0	0.0	0.0	0.0	0.0	0.0	0.0	0.0	0.0	0.0	0.0	0.0	0.0	0.0	0.0	0.0	0.0	0.0	0.0	0.0	0.0	0.0	0.0	5.050638020524081	0.0	-1.6445414166739012	0.0	0.0	0.0	0.0	0.0	0.0	0.0	0.0	0.0	0.0	0.0	0.0	0.0	0.0	0.0	0.0	0.0	0.0	0.0	0.0	0.0	0.0	0.0	0.0	0.0	0.0	0.0	0.0	0.0	0.0	0.0	0.0	0.0	0.0	0.0	0.0	0.0	0.0	0.0	0.0	0.0	0.0	0.0	0.2896149424649775	0.6622744363932205	4.314087221008511	0.0	0.0	0.0	0.05193853680975735	-0.19204686605371535	0.0	0.0	0.0	-0.48472527719542874	0.0
1.9937781762177187	0.0	0.0	0.0	0.0	0.0	0.0	0.0	0.0	0.0	0.0	0.0	0.0	0.0	0.0	0.0	0.0	1.7681638079229742	0.0	0.0	0.0	0.0	0.0	0.0	0.0	0.0	0.0	0.0	0.0	-0.04039134860504419	0.0	0.0	0.06311126798391342	0.0	-0.1080184755846858	0.0	0.0	0.0	0.0	0.0	-4.860719306960324	0.0	0.0	0.0	0.0	0.0	0.0	0.0	0.0	0.0	0.0	0.0	0.0	0.0	0.0	0.0	0.0	0.0	0.0	0.0	0.0	0.0	0.0	0.0	6.619799068727669	0.0	-2.5485279976806425	0.0	0.0	0.0	0.0	0.0	0.0	0.0	0.0	0.0	0.0	0.0	0.0	0.0	0.0	0.0	0.0	0.0	0.0	0.0	0.0	0.0	0.0	0.0	0.0	0.0	0.0	0.0	0.0	0.0	0.0	0.0	0.0	0.0	0.0	0.0	0.0	0.0	0.0	0.0	0.0	0.0	0.0	0.0	1.2218381642457097	2.5897343847568015	5.3872162693036865	0.0	0.0	0.0	0.0519382351776585	-0.28277075942605734	0.0	0.0	0.0	6.401803756283678	0.0
2.6039304721395293	0.0	0.0	0.0	0.0	0.0	0.0	0.0	0.0	0.0	0.0	0.0	0.0	0.0	0.0	0.0	0.0	1.847219289955683	0.0	0.0	0.0	0.0	0.0	0.0	0.0	0.0	0.0	0.0	0.0	-0.0021061161532998085	0.0	0.0	0.021630873903632164	0.0	0.027874212712049484	0.0	0.0	0.0	0.0	0.0	-2.4545070083776515	0.0	0.0	0.0	0.0	0.0	0.0	0.0	0.0	0.0	0.0	0.0	0.0	0.0	0.0	0.0	0.0	0.0	0.0	0.0	0.0	0.0	0.0	0.0	4.914487523967995	0.0	-2.0817699069058166	0.0	0.0	0.0	0.0	0.0	0.0	0.0	0.0	0.0	0.0	0.0	0.0	0.0	0.0	0.0	0.0	0.0	0.0	0.0	0.0	0.0	0.0	0.0	0.0	0.0	0.0	0.0	0.0	0.0	0.0	0.0	0.0	0.0	0.0	0.0	0.0	0.0	0.0	0.0	0.0	0.0	0.0	0.0	1.3604891514964401	3.3316204240456933	3.418296879879423	0.0	0.0	0.0	0.04668267956003547	-0.13393280061427504	0.0	0.0	0.0	8.86718074386878	0.0
1.802681621065906	0.0	0.0	0.0	0.0	0.0	0.0	0.0	0.0	0.0	0.0	0.0	0.0	0.0	0.0	0.0	0.0	1.2337192784136277	0.0	0.0	0.0	0.0	0.0	0.0	0.0	0.0	0.0	0.0	0.0	0.011863016337156296	0.0	0.0	-0.01380513422191143	0.0	0.32925787568092346	0.0	0.0	0.0	0.0	0.0	2.534640930687325	0.0	0.0	0.0	0.0	0.0	0.0	0.0	0.0	0.0	0.0	0.0	0.0	0.0	0.0	0.0	0.0	0.0	0.0	0.0	0.0	0.0	0.0	0.0	1.7748080911015736	0.0	-0.9252015375817443	0.0	0.0	0.0	0.0	0.0	0.0	0.0	0.0	0.0	0.0	0.0	0.0	0.0	0.0	0.0	0.0	0.0	0.0	0.0	0.0	0.0	0.0	0.0	0.0	0.0	0.0	0.0	0.0	0.0	0.0	0.0	0.0	0.0	0.0	0.0	0.0	0.0	0.0	0.0	0.0	0.0	0.0	0.0	0.46571420301450417	2.5182717508325974	0.3822268292791425	0.0	0.0	0.0	0.023619558662176132	0.09693869386683218	0.0	0.0	0.0	4.5928637732516275	0.0
-0.17035393342341426	0.0	0.0	0.0	0.0	0.0	0.0	0.0	0.0	0.0	0.0	0.0	0.0	0.0	0.0	0.0	0.0	0.07839549847994931	0.0	0.0	0.0	0.0	0.0	0.0	0.0	0.0	0.0	0.0	0.0	0.010497118905186653	0.0	0.0	0.012776966206729412	0.0	0.39164336025714874	0.0	0.0	0.0	0.0	0.0	3.7709085228292953	0.0	0.0	0.0	0.0	0.0	0.0	0.0	0.0	0.0	0.0	0.0	0.0	0.0	0.0	0.0	0.0	0.0	0.0	0.0	0.0	0.0	0.0	0.0	-0.6679682384255624	0.0	0.0015562598771871404	0.0	0.0	0.0	0.0	0.0	0.0	0.0	0.0	0.0	0.0	0.0	0.0	0.0	0.0	0.0	0.0	0.0	0.0	0.0	0.0	0.0	0.0	0.0	0.0	0.0	0.0	0.0	0.0	0.0	0.0	0.0	0.0	0.0	0.0	0.0	0.0	0.0	0.0	0.0	0.0	0.0	0.0	0.0	-0.48681096903863363	0.15883445455914452	-2.012482132956099	0.0	0.0	0.0	-0.01738868304528296	0.19711322407238185	0.0	0.0	0.0	-2.0676353871822357	0.0
-2.063648056739906	0.0	0.0	0.0	0.0	0.0	0.0	0.0	0.0	0.0	0.0	0.0	0.0	0.0	0.0	0.0	0.0	-1.0237675705735456	0.0	0.0	0.0	0.0	0.0	0.0	0.0	0.0	0.0	0.0	0.0	0.006679758336395026	0.0	0.0	0.05638639256358147	0.0	0.08442590199410915	0.0	0.0	0.0	0.0	0.0	0.9359281170741902	0.0	0.0	0.0	0.0	0.0	0.0	0.0	0.0	0.0	0.0	0.0	0.0	0.0	0.0	0.0	0.0	0.0	0.0	0.0	0.0	0.0	0.0	0.0	-2.0235257595083973	0.0	0.6944220950331618	0.0	0.0	0.0	0.0	0.0	0.0	0.0	0.0	0.0	0.0	0.0	0.0	0.0	0.0	0.0	0.0	0.0	0.0	0.0	0.0	0.0	0.0	0.0	0.0	0.0	0.0	0.0	0.0	0.0	0.0	0.0	0.0	0.0	0.0	0.0	0.0	0.0	0.0	0.0	0.0	0.0	0.0	0.0	-0.6151250920072198	-3.108952491513143	-2.97219280939585	0.0	0.0	0.0	-0.045711157998691	0.1597973182797432	0.0	0.0	0.0	-5.784126202483754	0.0
-2.6356690646311955	0.0	0.0	0.0	0.0	0.0	0.0	0.0	0.0	0.0	0.0	0.0	0.0	0.0	0.0	0.0	0.0	-1.538999438699102	0.0	0.0	0.0	0.0	0.0	0.0	0.0	0.0	0.0	0.0	0.0	-0.005530334310606122	0.0	0.0	0.03902186453342438	0.0	-0.30547693371772766	0.0	0.0	0.0	0.0	0.0	-1.5205651281366148	0.0	0.0	0.0	0.0	0.0	0.0	0.0	0.0	0.0	0.0	0.0	0.0	0.0	0.0	0.0	0.0	0.0	0.0	0.0	0.0	0.0	0.0	0.0	-2.661580733169722	0.0	1.3281597264923473	0.0	0.0	0.0	0.0	0.0	0.0	0.0	0.0	0.0	0.0	0.0	0.0	0.0	0.0	0.0	0.0	0.0	0.0	0.0	0.0	0.0	0.0	0.0	0.0	0.0	0.0	0.0	0.0	0.0	0.0	0.0	0.0	0.0	0.0	0.0	0.0	0.0	0.0	0.0	0.0	0.0	0.0	0.0	-0.2667552741471445	-5.445809316981052	-1.8096975216001738	0.0	0.0	0.0	-0.03816072301318248	0.11306264041922987	0.0	0.0	0.0	-5.549796390930538	0.0
-1.745855445711692	0.0	0.0	0.0	0.0	0.0	0.0	0.0	0.0	0.0	0.0	0.0	0.0	0.0	0.0	0.0	0.0	-1.2714761223673121	0.0	0.0	0.0	0.0	0.0	0.0	0.0	0.0	0.0	0.0	0.0	-0.013653169572353362	0.0	0.0	-0.02244935929775238	0.0	-0.4201723039150238	0.0	0.0	0.0	0.0	0.0	-1.6472860988984002	0.0	0.0	0.0	0.0	0.0	0.0	0.0	0.0	0.0	0.0	0.0	0.0	0.0	0.0	0.0	0.0	0.0	0.0	0.0	0.0	0.0	0.0	0.0	-2.1358831835055523	0.0	1.3697877307620614	0.0	0.0	0.0	0.0	0.0	0.0	0.0	0.0	0.0	0.0	0.0	0.0	0.0	0.0	0.0	0.0	0.0	0.0	0.0	0.0	0.0	0.0	0.0	0.0	0.0	0.0	0.0	0.0	0.0	0.0	0.0	0.0	0.0	0.0	0.0	0.0	0.0	0.0	0.0	0.0	0.0	0.0	0.0	-0.3109231646452099	-4.804021169806254	1.0590646746615395	0.0	0.0	0.0	-0.014862816936026016	0.08836415021505672	0.0	0.0	0.0	-3.6147306498989544	0.0
-0.3517983629356768	0.0	0.0	0.0	0.0	0.0	0.0	0.0	0.0	0.0	0.0	0.0	0.0	0.0	0.0	0.0	0.0	-0.3512465454812627	0.0	0.0	0.0	0.0	0.0	0.0	0.0	0.0	0.0	0.0	0.0	0.01821032725274563	0.0	0.0	-0.03563530370593071	0.0	-0.21028633415699005	0.0	0.0	0.0	0.0	0.0	-1.335097905478287	0.0	0.0	0.0	0.0	0.0	0.0	0.0	0.0	0.0	0.0	0.0	0.0	0.0	0.0	0.0	0.0	0.0	0.0	0.0	0.0	0.0	0.0	0.0	-0.15876518490605374	0.0	0.4635395767523887	0.0	0.0	0.0	0.0	0.0	0.0	0.0	0.0	0.0	0.0	0.0	0.0	0.0	0.0	0.0	0.0	0.0	0.0	0.0	0.0	0.0	0.0	0.0	0.0	0.0	0.0	0.0	0.0	0.0	0.0	0.0	0.0	0.0	0.0	0.0	0.0	0.0	0.0	0.0	0.0	0.0	0.0	0.0	-0.6634293919708579	-1.2996129911725542	2.8393779473665814	0.0	0.0	0.0	-0.013800618704408407	0.008088224101811647	0.0	0.0	0.0	-1.6526047942985955	0.0
0.4874508260750766	0.0	0.0	0.0	0.0	0.0	0.0	0.0	0.0	0.0	0.0	0.0	0.0	0.0	0.0	0.0	0.0	0.5792709961104265	0.0	0.0	0.0	0.0	0.0	0.0	0.0	0.0	0.0	0.0	0.0	0.07986524030566215	0.0	0.0	0.027385635301470757	0.0	0.04931788891553879	0.0	0.0	0.0	0.0	0.0	-1.7782404255777704	0.0	0.0	0.0	0.0	0.0	0.0	0.0	0.0	0.0	0.0	0.0	0.0	0.0	0.0	0.0	0.0	0.0	0.0	0.0	0.0	0.0	0.0	0.0	1.617086687961072	0.0	-0.48352345113365097	0.0	0.0	0.0	0.0	0.0	0.0	0.0	0.0	0.0	0.0	0.0	0.0	0.0	0.0	0.0	0.0	0.0	0.0	0.0	0.0	0.0	0.0	0.0	0.0	0.0	0.0	0.0	0.0	0.0	0.0	0.0	0.0	0.0	0.0	0.0	0.0	0.0	0.0	0.0	0.0	0.0	0.0	0.0	-0.37335277898120695	2.2651660005029823	0.8145268134941803	0.0	0.0	0.0	-0.03775991179281846	-0.13065309240482748	0.0	0.0	0.0	0.31373789917759515	0.0
0.5449112957013684	0.0	0.0	0.0	0.0	0.0	0.0	0.0	0.0	0.0	0.0	0.0	0.0	0.0	0.0	0.0	0.0	0.575644389417721	0.0	0.0	0.0	0.0	0.0	0.0	0.0	0.0	0.0	0.0	0.0	0.09240471757948399	0.0	0.0	0.08617685735225677	0.0	0.06893234699964523	0.0	0.0	0.0	0.0	0.0	-1.7232931815382517	0.0	0.0	0.0	0.0	0.0	0.0	0.0	0.0	0.0	0.0	0.0	0.0	0.0	0.0	0.0	0.0	0.0	0.0	0.0	0.0	0.0	0.0	0.0	0.9297483563819464	0.0	-0.3058200332811697	0.0	0.0	0.0	0.0	0.0	0.0	0.0	0.0	0.0	0.0	0.0	0.0	0.0	0.0	0.0	0.0	0.0	0.0	0.0	0.0	0.0	0.0	0.0	0.0	0.0	0.0	0.0	0.0	0.0	0.0	0.0	0.0	0.0	0.0	0.0	0.0	0.0	0.0	0.0	0.0	0.0	0.0	0.0	0.7434025159291923	3.2575323545928336	-3.549798238028486	0.0	0.0	0.0	-0.0485059334411441	-0.2061111402581446	0.0	0.0	0.0	2.418967859676251	0.0
0.37508776889111506	0.0	0.0	0.0	0.0	0.0	0.0	0.0	0.0	0.0	0.0	0.0	0.0	0.0	0.0	0.0	0.0	-0.4410935981431976	0.0	0.0	0.0	0.0	0.0	0.0	0.0	0.0	0.0	0.0	0.0	0.011604484543204308	0.0	0.0	0.0650339275598526	0.0	-0.156158946454525	0.0	0.0	0.0	0.0	0.0	-0.3786823730532646	0.0	0.0	0.0	0.0	0.0	0.0	0.0	0.0	0.0	0.0	0.0	0.0	0.0	0.0	0.0	0.0	0.0	0.0	0.0	0.0	0.0	0.0	0.0	-1.718173096612829	0.0	0.6476478750391447	0.0	0.0	0.0	0.0	0.0	0.0	0.0	0.0	0.0	0.0	0.0	0.0	0.0	0.0	0.0	0.0	0.0	0.0	0.0	0.0	0.0	0.0	0.0	0.0	0.0	0.0	0.0	0.0	0.0	0.0	0.0	0.0	0.0	0.0	0.0	0.0	0.0	0.0	0.0	0.0	0.0	0.0	0.0	1.4655105490284042	1.9957284494347516	-5.473245937853174	0.0	0.0	0.0	-0.01771725054519872	-0.1352486812393181	0.0	0.0	0.0	3.9688586379800523	0.0
0.3948608340437665	0.0	0.0	0.0	0.0	0.0	0.0	0.0	0.0	0.0	0.0	0.0	0.0	0.0	0.0	0.0	0.0	-1.1494838927465025	0.0	0.0	0.0	0.0	0.0	0.0	0.0	0.0	0.0	0.0	0.0	-0.08493491783738136	0.0	0.0	-0.011683167889714241	0.0	-0.35739863477647305	0.0	0.0	0.0	0.0	0.0	0.8067393276385102	0.0	0.0	0.0	0.0	0.0	0.0	0.0	0.0	0.0	0.0	0.0	0.0	0.0	0.0	0.0	0.0	0.0	0.0	0.0	0.0	0.0	0.0	0.0	-3.0221785231186273	0.0	0.9263565163332425	0.0	0.0	0.0	0.0	0.0	0.0	0.0	0.0	0.0	0.0	0.0	0.0	0.0	0.0	0.0	0.0	0.0	0.0	0.0	0.0	0.0	0.0	0.0	0.0	0.0	0.0	0.0	0.0	0.0	0.0	0.0	0.0	0.0	0.0	0.0	0.0	0.0	0.0	0.0	0.0	0.0	0.0	0.0	0.7504246463230811	0.6615445476867968	-2.8123753958162316	0.0	0.0	0.0	0.03164360299706459	0.009353778092190623	0.0	0.0	0.0	3.856598776683293	0.0
0.30876400381241415	0.0	0.0	0.0	0.0	0.0	0.0	0.0	0.0	0.0	0.0	0.0	0.0	0.0	0.0	0.0	0.0	-0.49557687557535246	0.0	0.0	0.0	0.0	0.0	0.0	0.0	0.0	0.0	0.0	0.0	-0.08507813271135092	0.0	0.0	-0.06700418889522552	0.0	-0.30662308633327484	0.0	0.0	0.0	0.0	0.0	0.11594163099174164	0.0	0.0	0.0	0.0	0.0	0.0	0.0	0.0	0.0	0.0	0.0	0.0	0.0	0.0	0.0	0.0	0.0	0.0	0.0	0.0	0.0	0.0	0.0	-1.2108637462469174	0.0	0.10323630877711037	0.0	0.0	0.0	0.0	0.0	0.0	0.0	0.0	0.0	0.0	0.0	0.0	0.0	0.0	0.0	0.0	0.0	0.0	0.0	0.0	0.0	0.0	0.0	0.0	0.0	0.0	0.0	0.0	0.0	0.0	0.0	0.0	0.0	0.0	0.0	0.0	0.0	0.0	0.0	0.0	0.0	0.0	0.0	-0.654501241161488	0.22078591431269334	1.0862233579051324	0.0	0.0	0.0	0.04834815103095025	0.08831368573009968	0.0	0.0	0.0	1.704482367221307	0.0
-0.2204429128977333	0.0	0.0	0.0	0.0	0.0	0.0	0.0	0.0	0.0	0.0	0.0	0.0	0.0	0.0	0.0	0.0	0.5118759128905367	0.0	0.0	0.0	0.0	0.0	0.0	0.0	0.0	0.0	0.0	0.0	0.0028255337849259375	0.0	0.0	-0.06889335811138153	0.0	-0.07325971499085426	0.0	0.0	0.0	0.0	0.0	-2.081069004595209	0.0	0.0	0.0	0.0	0.0	0.0	0.0	0.0	0.0	0.0	0.0	0.0	0.0	0.0	0.0	0.0	0.0	0.0	0.0	0.0	0.0	0.0	0.0	1.278041946023029	0.0	-0.6758858972808663	0.0	0.0	0.0	0.0	0.0	0.0	0.0	0.0	0.0	0.0	0.0	0.0	0.0	0.0	0.0	0.0	0.0	0.0	0.0	0.0	0.0	0.0	0.0	0.0	0.0	0.0	0.0	0.0	0.0	0.0	0.0	0.0	0.0	0.0	0.0	0.0	0.0	0.0	0.0	0.0	0.0	0.0	0.0	-1.0677121283694213	0.061613044444294204	1.9363363747807363	0.0	0.0	0.0	0.01484264557560285	0.04436855390667915	0.0	0.0	0.0	-0.9739639818563464	0.0
-0.6292262212118658	0.0	0.0	0.0	0.0	0.0	0.0	0.0	0.0	0.0	0.0	0.0	0.0	0.0	0.0	0.0	0.0	0.10631671469163848	0.0	0.0	0.0	0.0	0.0	0.0	0.0	0.0	0.0	0.0	0.0	0.0598030699416995	0.0	0.0	-0.044520244002342224	0.0	0.09869713336229324	0.0	0.0	0.0	0.0	0.0	-3.5076892435760865	0.0	0.0	0.0	0.0	0.0	0.0	0.0	0.0	0.0	0.0	0.0	0.0	0.0	0.0	0.0	0.0	0.0	0.0	0.0	0.0	0.0	0.0	0.0	1.087794956795288	0.0	-0.48420138821560654	0.0	0.0	0.0	0.0	0.0	0.0	0.0	0.0	0.0	0.0	0.0	0.0	0.0	0.0	0.0	0.0	0.0	0.0	0.0	0.0	0.0	0.0	0.0	0.0	0.0	0.0	0.0	0.0	0.0	0.0	0.0	0.0	0.0	0.0	0.0	0.0	0.0	0.0	0.0	0.0	0.0	0.0	0.0	-0.13708690013096203	0.196404984132165	-0.06850942266128886	0.0	0.0	0.0	-0.02831864341472586	-0.0646426277817227	0.0	0.0	0.0	-1.2911924008589626	0.0
0.00700886529088627	0.0	0.0	0.0	0.0	0.0	0.0	0.0	0.0	0.0	0.0	0.0	0.0	0.0	0.0	0.0	0.0	-1.3088294974691963	0.0	0.0	0.0	0.0	0.0	0.0	0.0	0.0	0.0	0.0	0.0	0.02193262120708823	0.0	0.0	-0.024989107623696327	0.0	0.1260543167591095	0.0	0.0	0.0	0.0	0.0	-2.08288376828467	0.0	0.0	0.0	0.0	0.0	0.0	0.0	0.0	0.0	0.0	0.0	0.0	0.0	0.0	0.0	0.0	0.0	0.0	0.0	0.0	0.0	0.0	0.0	-1.290987004347621	0.0	0.13017686323678873	0.0	0.0	0.0	0.0	0.0	0.0	0.0	0.0	0.0	0.0	0.0	0.0	0.0	0.0	0.0	0.0	0.0	0.0	0.0	0.0	0.0	0.0	0.0	0.0	0.0	0.0	0.0	0.0	0.0	0.0	0.0	0.0	0.0	0.0	0.0	0.0	0.0	0.0	0.0	0.0	0.0	0.0	0.0	0.7141846654750407	1.4676435539942412	-1.4248011376419947	0.0	0.0	0.0	-0.02965768240392208	-0.1338594422704773	0.0	0.0	0.0	1.7758928470768975	0.0
1.3820182869334736	0.0	0.0	0.0	0.0	0.0	0.0	0.0	0.0	0.0	0.0	0.0	0.0	0.0	0.0	0.0	0.0	-1.3943365336213902	0.0	0.0	0.0	0.0	0.0	0.0	0.0	0.0	0.0	0.0	0.0	-0.04323996631428599	0.0	0.0	-0.012062466703355312	0.0	0.15089402720332146	0.0	0.0	0.0	0.0	0.0	1.9461699940545685	0.0	0.0	0.0	0.0	0.0	0.0	0.0	0.0	0.0	0.0	0.0	0.0	0.0	0.0	0.0	0.0	0.0	0.0	0.0	0.0	0.0	0.0	0.0	-2.2442064558259864	0.0	0.2113738452639193	0.0	0.0	0.0	0.0	0.0	0.0	0.0	0.0	0.0	0.0	0.0	0.0	0.0	0.0	0.0	0.0	0.0	0.0	0.0	0.0	0.0	0.0	0.0	0.0	0.0	0.0	0.0	0.0	0.0	0.0	0.0	0.0	0.0	0.0	0.0	0.0	0.0	0.0	0.0	0.0	0.0	0.0	0.0	0.30384179305285214	3.0919397860377407	-0.4316874652697991	0.0	0.0	0.0	0.010846313166742524	-0.0915849891025573	0.0	0.0	0.0	4.881950995023874	0.0
1.867059248567874	0.0	0.0	0.0	0.0	0.0	0.0	0.0	0.0	0.0	0.0	0.0	0.0	0.0	0.0	0.0	0.0	0.5230860950658098	0.0	0.0	0.0	0.0	0.0	0.0	0.0	0.0	0.0	0.0	0.0	-0.04927094280719757	0.0	0.0	0.007211270276457071	0.0	0.24520225822925568	0.0	0.0	0.0	0.0	0.0	5.676148222134555	0.0	0.0	0.0	0.0	0.0	0.0	0.0	0.0	0.0	0.0	0.0	0.0	0.0	0.0	0.0	0.0	0.0	0.0	0.0	0.0	0.0	0.0	0.0	-0.19836234009733048	0.0	-0.14002550070352376	0.0	0.0	0.0	0.0	0.0	0.0	0.0	0.0	0.0	0.0	0.0	0.0	0.0	0.0	0.0	0.0	0.0	0.0	0.0	0.0	0.0	0.0	0.0	0.0	0.0	0.0	0.0	0.0	0.0	0.0	0.0	0.0	0.0	0.0	0.0	0.0	0.0	0.0	0.0	0.0	0.0	0.0	0.0	-0.745939772259444	2.4298939192623257	1.3864448614848348	0.0	0.0	0.0	0.04487121314741671	0.04265396497794427	0.0	0.0	0.0	3.3652252908847244	0.0
0.5788619967216093	0.0	0.0	0.0	0.0	0.0	0.0	0.0	0.0	0.0	0.0	0.0	0.0	0.0	0.0	0.0	0.0	2.029138675582362	0.0	0.0	0.0	0.0	0.0	0.0	0.0	0.0	0.0	0.0	0.0	-0.00604521194472909	0.0	0.0	0.03406869247555733	0.0	0.24025455862283707	0.0	0.0	0.0	0.0	0.0	6.047235764720023	0.0	0.0	0.0	0.0	0.0	0.0	0.0	0.0	0.0	0.0	0.0	0.0	0.0	0.0	0.0	0.0	0.0	0.0	0.0	0.0	0.0	0.0	0.0	2.2824586018758324	0.0	-0.14873700225701	0.0	0.0	0.0	0.0	0.0	0.0	0.0	0.0	0.0	0.0	0.0	0.0	0.0	0.0	0.0	0.0	0.0	0.0	0.0	0.0	0.0	0.0	0.0	0.0	0.0	0.0	0.0	0.0	0.0	0.0	0.0	0.0	0.0	0.0	0.0	0.0	0.0	0.0	0.0	0.0	0.0	0.0	0.0	-1.0621455521695315	-1.3036102880294147	2.2914634193651953	0.0	0.0	0.0	0.040563470063110195	0.15798229759093374	0.0	0.0	0.0	-2.616207668273761	0.0
-1.2747791224275307	0.0	0.0	0.0	0.0	0.0	0.0	0.0	0.0	0.0	0.0	0.0	0.0	0.0	0.0	0.0	0.0	0.9759690152714029	0.0	0.0	0.0	0.0	0.0	0.0	0.0	0.0	0.0	0.0	0.0	0.023699144832789898	0.0	0.0	0.04816271364688873	0.0	-0.0064309388399124146	0.0	0.0	0.0	0.0	0.0	3.1273936812258976	0.0	0.0	0.0	0.0	0.0	0.0	0.0	0.0	0.0	0.0	0.0	0.0	0.0	0.0	0.0	0.0	0.0	0.0	0.0	0.0	0.0	0.0	0.0	2.220788541059208	0.0	0.28022728735046026	0.0	0.0	0.0	0.0	0.0	0.0	0.0	0.0	0.0	0.0	0.0	0.0	0.0	0.0	0.0	0.0	0.0	0.0	0.0	0.0	0.0	0.0	0.0	0.0	0.0	0.0	0.0	0.0	0.0	0.0	0.0	0.0	0.0	0.0	0.0	0.0	0.0	0.0	0.0	0.0	0.0	0.0	0.0	-0.4927274247421883	-4.967959340501	2.1789709373699644	0.0	0.0	0.0	0.019779940446217854	0.15056891925632954	0.0	0.0	0.0	-7.536999583090809	0.0
-1.9250864975074877	0.0	0.0	0.0	0.0	0.0	0.0	0.0	0.0	0.0	0.0	0.0	0.0	0.0	0.0	0.0	0.0	-1.3305315226956735	0.0	0.0	0.0	0.0	0.0	0.0	0.0	0.0	0.0	0.0	0.0	0.0255806696601212	0.0	0.0	0.02464401163160801	0.0	-0.31024856865406036	0.0	0.0	0.0	0.0	0.0	0.0999198531174938	0.0	0.0	0.0	0.0	0.0	0.0	0.0	0.0	0.0	0.0	0.0	0.0	0.0	0.0	0.0	0.0	0.0	0.0	0.0	0.0	0.0	0.0	0.0	0.09755879820403741	0.0	0.44297687655086926	0.0	0.0	0.0	0.0	0.0	0.0	0.0	0.0	0.0	0.0	0.0	0.0	0.0	0.0	0.0	0.0	0.0	0.0	0.0	0.0	0.0	0.0	0.0	0.0	0.0	0.0	0.0	0.0	0.0	0.0	0.0	0.0	0.0	0.0	0.0	0.0	0.0	0.0	0.0	0.0	0.0	0.0	0.0	-0.10876853501889855	-5.11619975738937	1.3721205490211454	0.0	0.0	0.0	0.017381165952732164	0.04179856623522937	0.0	0.0	0.0	-7.363809297393475	0.0
-1.2181352442223574	0.0	0.0	0.0	0.0	0.0	0.0	0.0	0.0	0.0	0.0	0.0	0.0	0.0	0.0	0.0	0.0	-1.9746003331183601	0.0	0.0	0.0	0.0	0.0	0.0	0.0	0.0	0.0	0.0	0.0	0.02923748716711998	0.0	0.0	-0.03052014298737049	0.0	-0.3437623679637909	0.0	0.0	0.0	0.0	0.0	-0.4396694209868725	0.0	0.0	0.0	0.0	0.0	0.0	0.0	0.0	0.0	0.0	0.0	0.0	0.0	0.0	0.0	0.0	0.0	0.0	0.0	0.0	0.0	0.0	0.0	-1.368736308664975	0.0	0.002409853139474859	0.0	0.0	0.0	0.0	0.0	0.0	0.0	0.0	0.0	0.0	0.0	0.0	0.0	0.0	0.0	0.0	0.0	0.0	0.0	0.0	0.0	0.0	0.0	0.0	0.0	0.0	0.0	0.0	0.0	0.0	0.0	0.0	0.0	0.0	0.0	0.0	0.0	0.0	0.0	0.0	0.0	0.0	0.0	-0.43409427095146386	-2.3578190340142187	-0.06865871844526666	0.0	0.0	0.0	0.02650559041649103	-0.04209163281484507	0.0	0.0	0.0	-4.206876115484552	0.0
-0.25115321606836644	0.0	0.0	0.0	0.0	0.0	0.0	0.0	0.0	0.0	0.0	0.0	0.0	0.0	0.0	0.0	0.0	-0.44648681476828644	0.0	0.0	0.0	0.0	0.0	0.0	0.0	0.0	0.0	0.0	0.0	0.03665666347369552	0.0	0.0	-0.07254011929035187	0.0	-0.08314767107367516	0.0	0.0	0.0	0.0	0.0	0.883609073675721	0.0	0.0	0.0	0.0	0.0	0.0	0.0	0.0	0.0	0.0	0.0	0.0	0.0	0.0	0.0	0.0	0.0	0.0	0.0	0.0	0.0	0.0	0.0	-1.0512079899050693	0.0	-0.4363256317434555	0.0	0.0	0.0	0.0	0.0	0.0	0.0	0.0	0.0	0.0	0.0	0.0	0.0	0.0	0.0	0.0	0.0	0.0	0.0	0.0	0.0	0.0	0.0	0.0	0.0	0.0	0.0	0.0	0.0	0.0	0.0	0.0	0.0	0.0	0.0	0.0	0.0	0.0	0.0	0.0	0.0	0.0	0.0	-0.6750682597514241	0.105443978185455	-1.3172204116207118	0.0	0.0	0.0	0.013576320527742306	-0.025619144085794687	0.0	0.0	0.0	-1.9315514242900842	0.0
0.5064451683373475	0.0	0.0	0.0	0.0	0.0	0.0	0.0	0.0	0.0	0.0	0.0	0.0	0.0	0.0	0.0	0.0	1.0631818632944487	0.0	0.0	0.0	0.0	0.0	0.0	0.0	0.0	0.0	0.0	0.0	0.02074912181124091	0.0	0.0	-0.06793063133955002	0.0	0.15354986488819122	0.0	0.0	0.0	0.0	0.0	1.8123239747902873	0.0	0.0	0.0	0.0	0.0	0.0	0.0	0.0	0.0	0.0	0.0	0.0	0.0	0.0	0.0	0.0	0.0	0.0	0.0	0.0	0.0	0.0	0.0	-0.30159097519564504	0.0	-0.18693783008920753	0.0	0.0	0.0	0.0	0.0	0.0	0.0	0.0	0.0	0.0	0.0	0.0	0.0	0.0	0.0	0.0	0.0	0.0	0.0	0.0	0.0	0.0	0.0	0.0	0.0	0.0	0.0	0.0	0.0	0.0	0.0	0.0	0.0	0.0	0.0	0.0	0.0	0.0	0.0	0.0	0.0	0.0	0.0	-0.0423690998298116	1.2218488940836063	-1.142398122515386	0.0	0.0	0.0	-0.02175052867581447	0.03127305721864104	0.0	0.0	0.0	-0.1337376004750175	0.0
1.3070919663311709	0.0	0.0	0.0	0.0	0.0	0.0	0.0	0.0	0.0	0.0	0.0	0.0	0.0	0.0	0.0	0.0	0.9609688224038109	0.0	0.0	0.0	0.0	0.0	0.0	0.0	0.0	0.0	0.0	0.0	-0.014898535702377558	0.0	0.0	-0.042845677584409714	0.0	0.15017586201429367	0.0	0.0	0.0	0.0	0.0	1.3219617305859876	0.0	0.0	0.0	0.0	0.0	0.0	0.0	0.0	0.0	0.0	0.0	0.0	0.0	0.0	0.0	0.0	0.0	0.0	0.0	0.0	0.0	0.0	0.0	-0.46563136876818345	0.0	0.46329555541098594	0.0	0.0	0.0	0.0	0.0	0.0	0.0	0.0	0.0	0.0	0.0	0.0	0.0	0.0	0.0	0.0	0.0	0.0	0.0	0.0	0.0	0.0	0.0	0.0	0.0	0.0	0.0	0.0	0.0	0.0	0.0	0.0	0.0	0.0	0.0	0.0	0.0	0.0	0.0	0.0	0.0	0.0	0.0	0.9296437332918868	2.5235100824075443	-0.04757453885104042	0.0	0.0	0.0	-0.03727521002292633	0.03536586632253602	0.0	0.0	0.0	3.478919038785734	0.0
1.6738205133220156	0.0	0.0	0.0	0.0	0.0	0.0	0.0	0.0	0.0	0.0	0.0	0.0	0.0	0.0	0.0	0.0	-0.011393150259391405	0.0	0.0	0.0	0.0	0.0	0.0	0.0	0.0	0.0	0.0	0.0	-0.032231774367392066	0.0	0.0	-0.04663127660751343	0.0	0.05873071774840355	0.0	0.0	0.0	0.0	0.0	-0.09141368106231565	0.0	0.0	0.0	0.0	0.0	0.0	0.0	0.0	0.0	0.0	0.0	0.0	0.0	0.0	0.0	0.0	0.0	0.0	0.0	0.0	0.0	0.0	0.0	-1.177548762698202	0.0	0.4997691114016987	0.0	0.0	0.0	0.0	0.0	0.0	0.0	0.0	0.0	0.0	0.0	0.0	0.0	0.0	0.0	0.0	0.0	0.0	0.0	0.0	0.0	0.0	0.0	0.0	0.0	0.0	0.0	0.0	0.0	0.0	0.0	0.0	0.0	0.0	0.0	0.0	0.0	0.0	0.0	0.0	0.0	0.0	0.0	1.0708868577878456	4.1372123791437065	-0.11686105696090425	0.0	0.0	0.0	-0.006997082945114623	-0.006167072569951415	0.0	0.0	0.0	6.702432459325192	0.0
0.6158910391872345	0.0	0.0	0.0	0.0	0.0	0.0	0.0	0.0	0.0	0.0	0.0	0.0	0.0	0.0	0.0	0.0	-0.4909650916262763	0.0	0.0	0.0	0.0	0.0	0.0	0.0	0.0	0.0	0.0	0.0	-0.017801727540791033	0.0	0.0	-0.07259397208690643	0.0	0.10899606347084045	0.0	0.0	0.0	0.0	0.0	-1.7814873676758873	0.0	0.0	0.0	0.0	0.0	0.0	0.0	0.0	0.0	0.0	0.0	0.0	0.0	0.0	0.0	0.0	0.0	0.0	0.0	0.0	0.0	0.0	0.0	-1.4040954797429608	0.0	-0.46687884498982035	0.0	0.0	0.0	0.0	0.0	0.0	0.0	0.0	0.0	0.0	0.0	0.0	0.0	0.0	0.0	0.0	0.0	0.0	0.0	0.0	0.0	0.0	0.0	0.0	0.0	0.0	0.0	0.0	0.0	0.0	0.0	0.0	0.0	0.0	0.0	0.0	0.0	0.0	0.0	0.0	0.0	0.0	0.0	0.23304429940646515	3.6824728248130887	-1.7912534663811899	0.0	0.0	0.0	0.03985534315385545	-0.012212885078042746	0.0	0.0	0.0	4.568947647125102	0.0
-1.408467563618	0.0	0.0	0.0	0.0	0.0	0.0	0.0	0.0	0.0	0.0	0.0	0.0	0.0	0.0	0.0	0.0	-0.3760515556059545	0.0	0.0	0.0	0.0	0.0	0.0	0.0	0.0	0.0	0.0	0.0	0.0002165558747947216	0.0	0.0	-0.06269371509552002	0.0	0.2346196323633194	0.0	0.0	0.0	0.0	0.0	-3.2751290141781673	0.0	0.0	0.0	0.0	0.0	0.0	0.0	0.0	0.0	0.0	0.0	0.0	0.0	0.0	0.0	0.0	0.0	0.0	0.0	0.0	0.0	0.0	0.0	-0.9637986545146324	0.0	-1.4521264290991933	0.0	0.0	0.0	0.0	0.0	0.0	0.0	0.0	0.0	0.0	0.0	0.0	0.0	0.0	0.0	0.0	0.0	0.0	0.0	0.0	0.0	0.0	0.0	0.0	0.0	0.0	0.0	0.0	0.0	0.0	0.0	0.0	0.0	0.0	0.0	0.0	0.0	0.0	0.0	0.0	0.0	0.0	0.0	-0.512992064470891	0.23269634127805364	-2.78917713770016	0.0	0.0	0.0	0.05640595309281101	0.041720416222233325	0.0	0.0	0.0	-2.102043089106331	0.0
-2.422401654503811	0.0	0.0	0.0	0.0	0.0	0.0	0.0	0.0	0.0	0.0	0.0	0.0	0.0	0.0	0.0	0.0	-0.3927268954736064	0.0	0.0	0.0	0.0	0.0	0.0	0.0	0.0	0.0	0.0	0.0	0.0007812793366611004	0.0	0.0	0.0009556328877806664	0.0	0.1884232461452484	0.0	0.0	0.0	0.0	0.0	-3.9561541784308627	0.0	0.0	0.0	0.0	0.0	0.0	0.0	0.0	0.0	0.0	0.0	0.0	0.0	0.0	0.0	0.0	0.0	0.0	0.0	0.0	0.0	0.0	0.0	-0.3559709931921927	0.0	-1.1544970574558395	0.0	0.0	0.0	0.0	0.0	0.0	0.0	0.0	0.0	0.0	0.0	0.0	0.0	0.0	0.0	0.0	0.0	0.0	0.0	0.0	0.0	0.0	0.0	0.0	0.0	0.0	0.0	0.0	0.0	0.0	0.0	0.0	0.0	0.0	0.0	0.0	0.0	0.0	0.0	0.0	0.0	0.0	0.0	-0.37777845945209265	-3.381600050047217	-1.5832602868931225	0.0	0.0	0.0	0.034869640755156674	0.08745708886999637	0.0	0.0	0.0	-5.749005546589935	0.0
-1.5809883995643246	0.0	0.0	0.0	0.0	0.0	0.0	0.0	0.0	0.0	0.0	0.0	0.0	0.0	0.0	0.0	0.0	-0.7848334529378918	0.0	0.0	0.0	0.0	0.0	0.0	0.0	0.0	0.0	0.0	0.0	-0.00475246012210846	0.0	0.0	0.06251537054777145	0.0	-0.052075471729040146	0.0	0.0	0.0	0.0	0.0	-3.602851758973343	0.0	0.0	0.0	0.0	0.0	0.0	0.0	0.0	0.0	0.0	0.0	0.0	0.0	0.0	0.0	0.0	0.0	0.0	0.0	0.0	0.0	0.0	0.0	0.23712695422681404	0.0	0.2618133319502181	0.0	0.0	0.0	0.0	0.0	0.0	0.0	0.0	0.0	0.0	0.0	0.0	0.0	0.0	0.0	0.0	0.0	0.0	0.0	0.0	0.0	0.0	0.0	0.0	0.0	0.0	0.0	0.0	0.0	0.0	0.0	0.0	0.0	0.0	0.0	0.0	0.0	0.0	0.0	0.0	0.0	0.0	0.0	0.14644014063000213	-4.1393623228960985	0.05623738217534712	0.0	0.0	0.0	0.004341335617937148	0.0615925736783538	0.0	0.0	0.0	-2.4037464324610083	0.0
-0.41699923403283606	0.0	0.0	0.0	0.0	0.0	0.0	0.0	0.0	0.0	0.0	0.0	0.0	0.0	0.0	0.0	0.0	-1.0750728931918274	0.0	0.0	0.0	0.0	0.0	0.0	0.0	0.0	0.0	0.0	0.0	-0.006164105795323849	0.0	0.0	0.07371129095554352	0.0	-0.216253861784935	0.0	0.0	0.0	0.0	0.0	-2.733244828944672	0.0	0.0	0.0	0.0	0.0	0.0	0.0	0.0	0.0	0.0	0.0	0.0	0.0	0.0	0.0	0.0	0.0	0.0	0.0	0.0	0.0	0.0	0.0	1.059182892138624	0.0	1.1032279142515455	0.0	0.0	0.0	0.0	0.0	0.0	0.0	0.0	0.0	0.0	0.0	0.0	0.0	0.0	0.0	0.0	0.0	0.0	0.0	0.0	0.0	0.0	0.0	0.0	0.0	0.0	0.0	0.0	0.0	0.0	0.0	0.0	0.0	0.0	0.0	0.0	0.0	0.0	0.0	0.0	0.0	0.0	0.0	0.16190847603371367	-2.7610469415695187	-0.031106730546945564	0.0	0.0	0.0	-0.014789776391504953	-0.01424693426815793	0.0	0.0	0.0	2.0889603664259333	0.0
-0.3723889313339794	0.0	0.0	0.0	0.0	0.0	0.0	0.0	0.0	0.0	0.0	0.0	0.0	0.0	0.0	0.0	0.0	-0.6473754431353882	0.0	0.0	0.0	0.0	0.0	0.0	0.0	0.0	0.0	0.0	0.0	-0.01525926497997716	0.0	0.0	0.05695248767733574	0.0	-0.10424602031707764	0.0	0.0	0.0	0.0	0.0	-1.5769790121253957	0.0	0.0	0.0	0.0	0.0	0.0	0.0	0.0	0.0	0.0	0.0	0.0	0.0	0.0	0.0	0.0	0.0	0.0	0.0	0.0	0.0	0.0	0.0	2.0732774093469724	0.0	0.3138400111756129	0.0	0.0	0.0	0.0	0.0	0.0	0.0	0.0	0.0	0.0	0.0	0.0	0.0	0.0	0.0	0.0	0.0	0.0	0.0	0.0	0.0	0.0	0.0	0.0	0.0	0.0	0.0	0.0	0.0	0.0	0.0	0.0	0.0	0.0	0.0	0.0	0.0	0.0	0.0	0.0	0.0	0.0	0.0	-0.2605370985297486	-1.880232000049381	-0.7290162718639924	0.0	0.0	0.0	-0.02853779463718335	-0.06956881936639547	0.0	0.0	0.0	0.8094767639720506	0.0
-0.46532341683437983	0.0	0.0	0.0	0.0	0.0	0.0	0.0	0.0	0.0	0.0	0.0	0.0	0.0	0.0	0.0	0.0	0.6939307930762879	0.0	0.0	0.0	0.0	0.0	0.0	0.0	0.0	0.0	0.0	0.0	-0.03688664771616459	0.0	0.0	0.050718650221824646	0.0	0.15336239337921143	0.0	0.0	0.0	0.0	0.0	0.5262101514771864	0.0	0.0	0.0	0.0	0.0	0.0	0.0	0.0	0.0	0.0	0.0	0.0	0.0	0.0	0.0	0.0	0.0	0.0	0.0	0.0	0.0	0.0	0.0	2.6396888462564054	0.0	-0.9039766338673678	0.0	0.0	0.0	0.0	0.0	0.0	0.0	0.0	0.0	0.0	0.0	0.0	0.0	0.0	0.0	0.0	0.0	0.0	0.0	0.0	0.0	0.0	0.0	0.0	0.0	0.0	0.0	0.0	0.0	0.0	0.0	0.0	0.0	0.0	0.0	0.0	0.0	0.0	0.0	0.0	0.0	0.0	0.0	-0.24654703979031184	-1.7011969004890748	0.37973758321112167	0.0	0.0	0.0	-0.04424468272676071	-0.06649782540625893	0.0	0.0	0.0	-3.1858448614174457	0.0
0.9652360478636618	0.0	0.0	0.0	0.0	0.0	0.0	0.0	0.0	0.0	0.0	0.0	0.0	0.0	0.0	0.0	0.0	2.3148336129263045	0.0	0.0	0.0	0.0	0.0	0.0	0.0	0.0	0.0	0.0	0.0	-0.050661714002490046	0.0	0.0	0.04147475212812424	0.0	0.2838459983468056	0.0	0.0	0.0	0.0	0.0	3.689212840958204	0.0	0.0	0.0	0.0	0.0	0.0	0.0	0.0	0.0	0.0	0.0	0.0	0.0	0.0	0.0	0.0	0.0	0.0	0.0	0.0	0.0	0.0	0.0	2.046209474678766	0.0	-0.5692234710255202	0.0	0.0	0.0	0.0	0.0	0.0	0.0	0.0	0.0	0.0	0.0	0.0	0.0	0.0	0.0	0.0	0.0	0.0	0.0	0.0	0.0	0.0	0.0	0.0	0.0	0.0	0.0	0.0	0.0	0.0	0.0	0.0	0.0	0.0	0.0	0.0	0.0	0.0	0.0	0.0	0.0	0.0	0.0	0.4613845417043194	-0.17671103212550016	2.5212970085155506	0.0	0.0	0.0	-0.05246999114751816	-0.02212609814523603	0.0	0.0	0.0	-1.2699325553110832	0.0
3.106162690856469	0.0	0.0	0.0	0.0	0.0	0.0	0.0	0.0	0.0	0.0	0.0	0.0	0.0	0.0	0.0	0.0	2.9139047138683964	0.0	0.0	0.0	0.0	0.0	0.0	0.0	0.0	0.0	0.0	0.0	-0.041048038937151435	0.0	0.0	0.004262504633516073	0.0	0.20413744449615479	0.0	0.0	0.0	0.0	0.0	6.147929065963961	0.0	0.0	0.0	0.0	0.0	0.0	0.0	0.0	0.0	0.0	0.0	0.0	0.0	0.0	0.0	0.0	0.0	0.0	0.0	0.0	0.0	0.0	0.0	0.3418849324064448	0.0	1.2296520954498307	0.0	0.0	0.0	0.0	0.0	0.0	0.0	0.0	0.0	0.0	0.0	0.0	0.0	0.0	0.0	0.0	0.0	0.0	0.0	0.0	0.0	0.0	0.0	0.0	0.0	0.0	0.0	0.0	0.0	0.0	0.0	0.0	0.0	0.0	0.0	0.0	0.0	0.0	0.0	0.0	0.0	0.0	0.0	0.9784720583015587	2.8997156475981076	2.5899830856467956	0.0	0.0	0.0	-0.04236209338220457	0.02761152503080666	0.0	0.0	0.0	6.65137959778268	0.0
3.309499769315393	0.0	0.0	0.0	0.0	0.0	0.0	0.0	0.0	0.0	0.0	0.0	0.0	0.0	0.0	0.0	0.0	1.7273354795201157	0.0	0.0	0.0	0.0	0.0	0.0	0.0	0.0	0.0	0.0	0.0	-0.02042173370718956	0.0	0.0	-0.026812996715307236	0.0	0.05194188863970339	0.0	0.0	0.0	0.0	0.0	5.5946369609571525	0.0	0.0	0.0	0.0	0.0	0.0	0.0	0.0	0.0	0.0	0.0	0.0	0.0	0.0	0.0	0.0	0.0	0.0	0.0	0.0	0.0	0.0	0.0	-1.3582460137426715	0.0	2.204020476018257	0.0	0.0	0.0	0.0	0.0	0.0	0.0	0.0	0.0	0.0	0.0	0.0	0.0	0.0	0.0	0.0	0.0	0.0	0.0	0.0	0.0	0.0	0.0	0.0	0.0	0.0	0.0	0.0	0.0	0.0	0.0	0.0	0.0	0.0	0.0	0.0	0.0	0.0	0.0	0.0	0.0	0.0	0.0	0.4810790506708508	4.720025716112217	0.41032999099160616	0.0	0.0	0.0	-0.019935250864364207	0.057668895402457565	0.0	0.0	0.0	10.28184573551906	0.0
0.8501906859350333	0.0	0.0	0.0	0.0	0.0	0.0	0.0	0.0	0.0	0.0	0.0	0.0	0.0	0.0	0.0	0.0	-0.39637845050601755	0.0	0.0	0.0	0.0	0.0	0.0	0.0	0.0	0.0	0.0	0.0	-0.0036348861758597195	0.0	0.0	0.0019790285732597113	0.0	-0.04935366101562977	0.0	0.0	0.0	0.0	0.0	1.7330029193146885	0.0	0.0	0.0	0.0	0.0	0.0	0.0	0.0	0.0	0.0	0.0	0.0	0.0	0.0	0.0	0.0	0.0	0.0	0.0	0.0	0.0	0.0	0.0	-1.6151398908086196	0.0	0.9176254886440298	0.0	0.0	0.0	0.0	0.0	0.0	0.0	0.0	0.0	0.0	0.0	0.0	0.0	0.0	0.0	0.0	0.0	0.0	0.0	0.0	0.0	0.0	0.0	0.0	0.0	0.0	0.0	0.0	0.0	0.0	0.0	0.0	0.0	0.0	0.0	0.0	0.0	0.0	0.0	0.0	0.0	0.0	0.0	-0.5816045860107988	3.165381312653023	-0.4223212460127588	0.0	0.0	0.0	-0.0004435517475940287	0.05271651712246239	0.0	0.0	0.0	3.476633826689027	0.0
-1.7908963860231586	0.0	0.0	0.0	0.0	0.0	0.0	0.0	0.0	0.0	0.0	0.0	0.0	0.0	0.0	0.0	0.0	-1.7927625550413722	0.0	0.0	0.0	0.0	0.0	0.0	0.0	0.0	0.0	0.0	0.0	0.015793136414140464	0.0	0.0	0.0693751722574234	0.0	-0.11936099827289581	0.0	0.0	0.0	0.0	0.0	-3.0356981475930365	0.0	0.0	0.0	0.0	0.0	0.0	0.0	0.0	0.0	0.0	0.0	0.0	0.0	0.0	0.0	0.0	0.0	0.0	0.0	0.0	0.0	0.0	0.0	-0.050242646023608804	0.0	-1.1850574062900319	0.0	0.0	0.0	0.0	0.0	0.0	0.0	0.0	0.0	0.0	0.0	0.0	0.0	0.0	0.0	0.0	0.0	0.0	0.0	0.0	0.0	0.0	0.0	0.0	0.0	0.0	0.0	0.0	0.0	0.0	0.0	0.0	0.0	0.0	0.0	0.0	0.0	0.0	0.0	0.0	0.0	0.0	0.0	-1.0146717264363543	-0.189142353627609	1.9146988975703536	0.0	0.0	0.0	0.009223162895068526	0.0035804816870950162	0.0	0.0	0.0	-6.122263869631442	0.0
-2.0084541799412596	0.0	0.0	0.0	0.0	0.0	0.0	0.0	0.0	0.0	0.0	0.0	0.0	0.0	0.0	0.0	0.0	-1.8837527400697582	0.0	0.0	0.0	0.0	0.0	0.0	0.0	0.0	0.0	0.0	0.0	0.04207236133515835	0.0	0.0	0.09309612214565277	0.0	-0.20231273025274277	0.0	0.0	0.0	0.0	0.0	-5.273046697327958	0.0	0.0	0.0	0.0	0.0	0.0	0.0	0.0	0.0	0.0	0.0	0.0	0.0	0.0	0.0	0.0	0.0	0.0	0.0	0.0	0.0	0.0	0.0	2.036011592970487	0.0	-1.6445093373860915	0.0	0.0	0.0	0.0	0.0	0.0	0.0	0.0	0.0	0.0	0.0	0.0	0.0	0.0	0.0	0.0	0.0	0.0	0.0	0.0	0.0	0.0	0.0	0.0	0.0	0.0	0.0	0.0	0.0	0.0	0.0	0.0	0.0	0.0	0.0	0.0	0.0	0.0	0.0	0.0	0.0	0.0	0.0	-0.37550841834861787	-1.9762995741917708	4.272286703545027	0.0	0.0	0.0	0.011182858298222223	-0.07846461109784286	0.0	0.0	0.0	-7.174835739330744	0.0
-0.14354056054409586	0.0	0.0	0.0	0.0	0.0	0.0	0.0	0.0	0.0	0.0	0.0	0.0	0.0	0.0	0.0	0.0	-1.559724579523754	0.0	0.0	0.0	0.0	0.0	0.0	0.0	0.0	0.0	0.0	0.0	0.0529285691678524	0.0	0.0	0.041511524468660355	0.0	-0.23758118599653244	0.0	0.0	0.0	0.0	0.0	-3.142601757840831	0.0	0.0	0.0	0.0	0.0	0.0	0.0	0.0	0.0	0.0	0.0	0.0	0.0	0.0	0.0	0.0	0.0	0.0	0.0	0.0	0.0	0.0	0.0	2.7700308535416474	0.0	-0.10307418676885835	0.0	0.0	0.0	0.0	0.0	0.0	0.0	0.0	0.0	0.0	0.0	0.0	0.0	0.0	0.0	0.0	0.0	0.0	0.0	0.0	0.0	0.0	0.0	0.0	0.0	0.0	0.0	0.0	0.0	0.0	0.0	0.0	0.0	0.0	0.0	0.0	0.0	0.0	0.0	0.0	0.0	0.0	0.0	0.6234387758746743	-0.9385410752590924	2.9950254066847264	0.0	0.0	0.0	0.005123571182290713	-0.15170418471097946	0.0	0.0	0.0	-0.00849196380823032	0.0
1.3315338829138135	0.0	0.0	0.0	0.0	0.0	0.0	0.0	0.0	0.0	0.0	0.0	0.0	0.0	0.0	0.0	0.0	-1.6247323666524607	0.0	0.0	0.0	0.0	0.0	0.0	0.0	0.0	0.0	0.0	0.0	0.02875819815089926	0.0	0.0	-0.029280735179781914	0.0	-0.1318359710276127	0.0	0.0	0.0	0.0	0.0	1.3708085447927065	0.0	0.0	0.0	0.0	0.0	0.0	0.0	0.0	0.0	0.0	0.0	0.0	0.0	0.0	0.0	0.0	0.0	0.0	0.0	0.0	0.0	0.0	0.0	1.5013194949046629	0.0	1.5051811665712678	0.0	0.0	0.0	0.0	0.0	0.0	0.0	0.0	0.0	0.0	0.0	0.0	0.0	0.0	0.0	0.0	0.0	0.0	0.0	0.0	0.0	0.0	0.0	0.0	0.0	0.0	0.0	0.0	0.0	0.0	0.0	0.0	0.0	0.0	0.0	0.0	0.0	0.0	0.0	0.0	0.0	0.0	0.0	1.129671943183057	1.1461307216967855	-0.8311037234926166	0.0	0.0	0.0	-0.012391337271158894	-0.16945222922367975	0.0	0.0	0.0	4.825050667342142	0.0
0.85034109243441	0.0	0.0	0.0	0.0	0.0	0.0	0.0	0.0	0.0	0.0	0.0	0.0	0.0	0.0	0.0	0.0	-1.7510977028810886	0.0	0.0	0.0	0.0	0.0	0.0	0.0	0.0	0.0	0.0	0.0	-0.008090856671333312	0.0	0.0	-0.0609467439353466	0.0	0.08184740506112576	0.0	0.0	0.0	0.0	0.0	3.145668831046765	0.0	0.0	0.0	0.0	0.0	0.0	0.0	0.0	0.0	0.0	0.0	0.0	0.0	0.0	0.0	0.0	0.0	0.0	0.0	0.0	0.0	0.0	0.0	-0.7196347620734509	0.0	1.5140479712330914	0.0	0.0	0.0	0.0	0.0	0.0	0.0	0.0	0.0	0.0	0.0	0.0	0.0	0.0	0.0	0.0	0.0	0.0	0.0	0.0	0.0	0.0	0.0	0.0	0.0	0.0	0.0	0.0	0.0	0.0	0.0	0.0	0.0	0.0	0.0	0.0	0.0	0.0	0.0	0.0	0.0	0.0	0.0	0.9554882248002105	1.9262801999669699	-3.2774987269479494	0.0	0.0	0.0	-0.035746276223411165	-0.12549682745157043	0.0	0.0	0.0	1.7527686859337757	0.0
-0.8596747252849909	0.0	0.0	0.0	0.0	0.0	0.0	0.0	0.0	0.0	0.0	0.0	0.0	0.0	0.0	0.0	0.0	-1.2733749513630754	0.0	0.0	0.0	0.0	0.0	0.0	0.0	0.0	0.0	0.0	0.0	-0.015451056510210037	0.0	0.0	-0.05868701636791229	0.0	0.24352584779262543	0.0	0.0	0.0	0.0	0.0	-0.89668732817886	0.0	0.0	0.0	0.0	0.0	0.0	0.0	0.0	0.0	0.0	0.0	0.0	0.0	0.0	0.0	0.0	0.0	0.0	0.0	0.0	0.0	0.0	0.0	-2.347970491342068	0.0	0.20759860782214054	0.0	0.0	0.0	0.0	0.0	0.0	0.0	0.0	0.0	0.0	0.0	0.0	0.0	0.0	0.0	0.0	0.0	0.0	0.0	0.0	0.0	0.0	0.0	0.0	0.0	0.0	0.0	0.0	0.0	0.0	0.0	0.0	0.0	0.0	0.0	0.0	0.0	0.0	0.0	0.0	0.0	0.0	0.0	0.3034662258857861	0.9243947813908259	-3.0560455492124534	0.0	0.0	0.0	-0.04650414393593868	-0.061645827762276895	0.0	0.0	0.0	-3.2830407823650885	0.0
-1.9698284812221432	0.0	0.0	0.0	0.0	0.0	0.0	0.0	0.0	0.0	0.0	0.0	0.0	0.0	0.0	0.0	0.0	-0.23029992170559127	0.0	0.0	0.0	0.0	0.0	0.0	0.0	0.0	0.0	0.0	0.0	0.010816585272550583	0.0	0.0	-0.05191285163164139	0.0	0.23820164054632187	0.0	0.0	0.0	0.0	0.0	-6.920350912934806	0.0	0.0	0.0	0.0	0.0	0.0	0.0	0.0	0.0	0.0	0.0	0.0	0.0	0.0	0.0	0.0	0.0	0.0	0.0	0.0	0.0	0.0	0.0	-2.615414162656847	0.0	-1.0276744951409822	0.0	0.0	0.0	0.0	0.0	0.0	0.0	0.0	0.0	0.0	0.0	0.0	0.0	0.0	0.0	0.0	0.0	0.0	0.0	0.0	0.0	0.0	0.0	0.0	0.0	0.0	0.0	0.0	0.0	0.0	0.0	0.0	0.0	0.0	0.0	0.0	0.0	0.0	0.0	0.0	0.0	0.0	0.0	-0.5997331574637792	-0.44629958360677674	-2.0411331916317486	0.0	0.0	0.0	-0.030091088730841875	-0.018100140383467078	0.0	0.0	0.0	-2.8777295097831512	0.0
-1.4159090965409236	0.0	0.0	0.0	0.0	0.0	0.0	0.0	0.0	0.0	0.0	0.0	0.0	0.0	0.0	0.0	0.0	0.8310383640840883	0.0	0.0	0.0	0.0	0.0	0.0	0.0	0.0	0.0	0.0	0.0	0.03043064372614026	0.0	0.0	-0.04195987433195114	0.0	0.11324611306190491	0.0	0.0	0.0	0.0	0.0	-7.476387918906145	0.0	0.0	0.0	0.0	0.0	0.0	0.0	0.0	0.0	0.0	0.0	0.0	0.0	0.0	0.0	0.0	0.0	0.0	0.0	0.0	0.0	0.0	0.0	-1.6887504037053502	0.0	-1.2845163092988128	0.0	0.0	0.0	0.0	0.0	0.0	0.0	0.0	0.0	0.0	0.0	0.0	0.0	0.0	0.0	0.0	0.0	0.0	0.0	0.0	0.0	0.0	0.0	0.0	0.0	0.0	0.0	0.0	0.0	0.0	0.0	0.0	0.0	0.0	0.0	0.0	0.0	0.0	0.0	0.0	0.0	0.0	0.0	-1.246989871193655	-0.7148161404987886	-1.2214480903913052	0.0	0.0	0.0	0.004696931689977646	0.008971671686822447	0.0	0.0	0.0	1.6363039479365797	0.0
0.2934190462875052	0.0	0.0	0.0	0.0	0.0	0.0	0.0	0.0	0.0	0.0	0.0	0.0	0.0	0.0	0.0	0.0	1.5379840153094846	0.0	0.0	0.0	0.0	0.0	0.0	0.0	0.0	0.0	0.0	0.0	0.01445041864644736	0.0	0.0	-0.020280107855796814	0.0	0.0006231293082237244	0.0	0.0	0.0	0.0	0.0	-0.9759057514204443	0.0	0.0	0.0	0.0	0.0	0.0	0.0	0.0	0.0	0.0	0.0	0.0	0.0	0.0	0.0	0.0	0.0	0.0	0.0	0.0	0.0	0.0	0.0	-0.27013386546961093	0.0	-0.6388329688578527	0.0	0.0	0.0	0.0	0.0	0.0	0.0	0.0	0.0	0.0	0.0	0.0	0.0	0.0	0.0	0.0	0.0	0.0	0.0	0.0	0.0	0.0	0.0	0.0	0.0	0.0	0.0	0.0	0.0	0.0	0.0	0.0	0.0	0.0	0.0	0.0	0.0	0.0	0.0	0.0	0.0	0.0	0.0	-0.9135231027984991	0.1350460329359131	0.4101147285734232	0.0	0.0	0.0	0.030677049634202074	0.04171935125486925	0.0	0.0	0.0	3.9792485071811825	0.0
1.7104731847298673	0.0	0.0	0.0	0.0	0.0	0.0	0.0	0.0	0.0	0.0	0.0	0.0	0.0	0.0	0.0	0.0	1.832051944014711	0.0	0.0	0.0	0.0	0.0	0.0	0.0	0.0	0.0	0.0	0.0	-0.01700152698904276	0.0	0.0	0.0016944622620940208	0.0	-0.03278404753655195	0.0	0.0	0.0	0.0	0.0	5.619043477728397	0.0	0.0	0.0	0.0	0.0	0.0	0.0	0.0	0.0	0.0	0.0	0.0	0.0	0.0	0.0	0.0	0.0	0.0	0.0	0.0	0.0	0.0	0.0	0.6651140334074722	0.0	0.21490374005627522	0.0	0.0	0.0	0.0	0.0	0.0	0.0	0.0	0.0	0.0	0.0	0.0	0.0	0.0	0.0	0.0	0.0	0.0	0.0	0.0	0.0	0.0	0.0	0.0	0.0	0.0	0.0	0.0	0.0	0.0	0.0	0.0	0.0	0.0	0.0	0.0	0.0	0.0	0.0	0.0	0.0	0.0	0.0	0.3455083071999252	1.0211371660631683	2.6854635887474823	0.0	0.0	0.0	0.030979966977611184	0.07151559629710391	0.0	0.0	0.0	2.5340340227415723	0.0
1.8949364562957296	0.0	0.0	0.0	0.0	0.0	0.0	0.0	0.0	0.0	0.0	0.0	0.0	0.0	0.0	0.0	0.0	1.8798718980659033	0.0	0.0	0.0	0.0	0.0	0.0	0.0	0.0	0.0	0.0	0.0	-0.02360741449519992	0.0	0.0	0.014761623926460743	0.0	-0.021194386295974255	0.0	0.0	0.0	0.0	0.0	6.082076234141765	0.0	0.0	0.0	0.0	0.0	0.0	0.0	0.0	0.0	0.0	0.0	0.0	0.0	0.0	0.0	0.0	0.0	0.0	0.0	0.0	0.0	0.0	0.0	0.3719416421521059	0.0	0.5034039394801205	0.0	0.0	0.0	0.0	0.0	0.0	0.0	0.0	0.0	0.0	0.0	0.0	0.0	0.0	0.0	0.0	0.0	0.0	0.0	0.0	0.0	0.0	0.0	0.0	0.0	0.0	0.0	0.0	0.0	0.0	0.0	0.0	0.0	0.0	0.0	0.0	0.0	0.0	0.0	0.0	0.0	0.0	0.0	1.2161567149986512	1.3478122190527972	3.3080378952946585	0.0	0.0	0.0	0.017310227209236473	0.07102937099989504	0.0	0.0	0.0	0.868285799455307	0.0
1.2659426604677975	0.0	0.0	0.0	0.0	0.0	0.0	0.0	0.0	0.0	0.0	0.0	0.0	0.0	0.0	0.0	0.0	2.033085733630287	0.0	0.0	0.0	0.0	0.0	0.0	0.0	0.0	0.0	0.0	0.0	0.004805629572365433	0.0	0.0	0.033400438725948334	0.0	-0.025037470273673534	0.0	0.0	0.0	0.0	0.0	3.1426543539649323	0.0	0.0	0.0	0.0	0.0	0.0	0.0	0.0	0.0	0.0	0.0	0.0	0.0	0.0	0.0	0.0	0.0	0.0	0.0	0.0	0.0	0.0	0.0	-0.8227880826712823	0.0	-0.0017461060110400331	0.0	0.0	0.0	0.0	0.0	0.0	0.0	0.0	0.0	0.0	0.0	0.0	0.0	0.0	0.0	0.0	0.0	0.0	0.0	0.0	0.0	0.0	0.0	0.0	0.0	0.0	0.0	0.0	0.0	0.0	0.0	0.0	0.0	0.0	0.0	0.0	0.0	0.0	0.0	0.0	0.0	0.0	0.0	0.5170825404860079	1.5689240297083633	1.42471911019574	0.0	0.0	0.0	0.013193462199221054	0.04521959205158055	0.0	0.0	0.0	0.6965272517978459	0.0
0.823894543361617	0.0	0.0	0.0	0.0	0.0	0.0	0.0	0.0	0.0	0.0	0.0	0.0	0.0	0.0	0.0	0.0	2.395406505895153	0.0	0.0	0.0	0.0	0.0	0.0	0.0	0.0	0.0	0.0	0.0	0.03982512056827545	0.0	0.0	0.0635276511311531	0.0	-0.07326470129191875	0.0	0.0	0.0	0.0	0.0	3.1192888626327764	0.0	0.0	0.0	0.0	0.0	0.0	0.0	0.0	0.0	0.0	0.0	0.0	0.0	0.0	0.0	0.0	0.0	0.0	0.0	0.0	0.0	0.0	0.0	-1.5441668506295598	0.0	-0.6879639418119505	0.0	0.0	0.0	0.0	0.0	0.0	0.0	0.0	0.0	0.0	0.0	0.0	0.0	0.0	0.0	0.0	0.0	0.0	0.0	0.0	0.0	0.0	0.0	0.0	0.0	0.0	0.0	0.0	0.0	0.0	0.0	0.0	0.0	0.0	0.0	0.0	0.0	0.0	0.0	0.0	0.0	0.0	0.0	-1.096539981397218	1.9270707403353993	-0.4780132708605379	0.0	0.0	0.0	0.02404875277231137	0.025155942072160542	0.0	0.0	0.0	-0.12312970409850375	0.0
0.7141497818684321	0.0	0.0	0.0	0.0	0.0	0.0	0.0	0.0	0.0	0.0	0.0	0.0	0.0	0.0	0.0	0.0	2.398666258672256	0.0	0.0	0.0	0.0	0.0	0.0	0.0	0.0	0.0	0.0	0.0	0.04889720119535923	0.0	0.0	0.0760195404291153	0.0	-0.1588922142982483	0.0	0.0	0.0	0.0	0.0	5.4944225102272535	0.0	0.0	0.0	0.0	0.0	0.0	0.0	0.0	0.0	0.0	0.0	0.0	0.0	0.0	0.0	0.0	0.0	0.0	0.0	0.0	0.0	0.0	0.0	-0.8773457933455071	0.0	-0.7807110397174876	0.0	0.0	0.0	0.0	0.0	0.0	0.0	0.0	0.0	0.0	0.0	0.0	0.0	0.0	0.0	0.0	0.0	0.0	0.0	0.0	0.0	0.0	0.0	0.0	0.0	0.0	0.0	0.0	0.0	0.0	0.0	0.0	0.0	0.0	0.0	0.0	0.0	0.0	0.0	0.0	0.0	0.0	0.0	-1.7557503413013182	1.544015441305237	-0.19166181281997033	0.0	0.0	0.0	0.03403756984819969	0.012033799081109464	0.0	0.0	0.0	-2.477393720035472	0.0
0.1790500589741755	0.0	0.0	0.0	0.0	0.0	0.0	0.0	0.0	0.0	0.0	0.0	0.0	0.0	0.0	0.0	0.0	1.4624283821962307	0.0	0.0	0.0	0.0	0.0	0.0	0.0	0.0	0.0	0.0	0.0	0.027946331072598696	0.0	0.0	0.045347120612859726	0.0	-0.23303985595703125	0.0	0.0	0.0	0.0	0.0	4.163798746756054	0.0	0.0	0.0	0.0	0.0	0.0	0.0	0.0	0.0	0.0	0.0	0.0	0.0	0.0	0.0	0.0	0.0	0.0	0.0	0.0	0.0	0.0	0.0	0.37620609879563066	0.0	-0.34626337025126325	0.0	0.0	0.0	0.0	0.0	0.0	0.0	0.0	0.0	0.0	0.0	0.0	0.0	0.0	0.0	0.0	0.0	0.0	0.0	0.0	0.0	0.0	0.0	0.0	0.0	0.0	0.0	0.0	0.0	0.0	0.0	0.0	0.0	0.0	0.0	0.0	0.0	0.0	0.0	0.0	0.0	0.0	0.0	-0.7920300928142388	-0.28643110876991634	0.7143708274771388	0.0	0.0	0.0	0.029708957707043737	-0.01880325865931809	0.0	0.0	0.0	-3.812203353882868	0.0
-1.0229944490747072	0.0	0.0	0.0	0.0	0.0	0.0	0.0	0.0	0.0	0.0	0.0	0.0	0.0	0.0	0.0	0.0	0.06656645514303819	0.0	0.0	0.0	0.0	0.0	0.0	0.0	0.0	0.0	0.0	0.0	0.0011491706711240113	0.0	0.0	-0.006886427290737629	0.0	-0.21446456015110016	0.0	0.0	0.0	0.0	0.0	-1.8711813896823721	0.0	0.0	0.0	0.0	0.0	0.0	0.0	0.0	0.0	0.0	0.0	0.0	0.0	0.0	0.0	0.0	0.0	0.0	0.0	0.0	0.0	0.0	0.0	0.7059758556560871	0.0	-0.11667704461959805	0.0	0.0	0.0	0.0	0.0	0.0	0.0	0.0	0.0	0.0	0.0	0.0	0.0	0.0	0.0	0.0	0.0	0.0	0.0	0.0	0.0	0.0	0.0	0.0	0.0	0.0	0.0	0.0	0.0	0.0	0.0	0.0	0.0	0.0	0.0	0.0	0.0	0.0	0.0	0.0	0.0	0.0	0.0	0.44492048414889723	-2.5160736879455814	-0.517267211755881	0.0	0.0	0.0	0.01341042919860532	-0.049639184202533215	0.0	0.0	0.0	-2.6363285749908894	0.0
-1.9201943178068432	0.0	0.0	0.0	0.0	0.0	0.0	0.0	0.0	0.0	0.0	0.0	0.0	0.0	0.0	0.0	0.0	-0.6700505094486289	0.0	0.0	0.0	0.0	0.0	0.0	0.0	0.0	0.0	0.0	0.0	-0.006540307309478521	0.0	0.0	-0.03814499452710152	0.0	-0.0740559734404087	0.0	0.0	0.0	0.0	0.0	-5.908691052839608	0.0	0.0	0.0	0.0	0.0	0.0	0.0	0.0	0.0	0.0	0.0	0.0	0.0	0.0	0.0	0.0	0.0	0.0	0.0	0.0	0.0	0.0	0.0	0.1143916735247253	0.0	-0.2817013815709172	0.0	0.0	0.0	0.0	0.0	0.0	0.0	0.0	0.0	0.0	0.0	0.0	0.0	0.0	0.0	0.0	0.0	0.0	0.0	0.0	0.0	0.0	0.0	0.0	0.0	0.0	0.0	0.0	0.0	0.0	0.0	0.0	0.0	0.0	0.0	0.0	0.0	0.0	0.0	0.0	0.0	0.0	0.0	0.5678522896231152	-3.355517060056861	-2.9853521943056527	0.0	0.0	0.0	-0.006689912620155762	-0.023675439566432033	0.0	0.0	0.0	-1.3089248390297743	0.0
-1.4525276589157188	0.0	0.0	0.0	0.0	0.0	0.0	0.0	0.0	0.0	0.0	0.0	0.0	0.0	0.0	0.0	0.0	-0.4932832742924802	0.0	0.0	0.0	0.0	0.0	0.0	0.0	0.0	0.0	0.0	0.0	0.004733549291267991	0.0	0.0	-0.035848043859004974	0.0	0.08558034151792526	0.0	0.0	0.0	0.0	0.0	-3.0771713090179666	0.0	0.0	0.0	0.0	0.0	0.0	0.0	0.0	0.0	0.0	0.0	0.0	0.0	0.0	0.0	0.0	0.0	0.0	0.0	0.0	0.0	0.0	0.0	0.3665651223879862	0.0	-0.1498727358950728	0.0	0.0	0.0	0.0	0.0	0.0	0.0	0.0	0.0	0.0	0.0	0.0	0.0	0.0	0.0	0.0	0.0	0.0	0.0	0.0	0.0	0.0	0.0	0.0	0.0	0.0	0.0	0.0	0.0	0.0	0.0	0.0	0.0	0.0	0.0	0.0	0.0	0.0	0.0	0.0	0.0	0.0	0.0	-0.0008466255618259311	-2.6390787563292264	-2.824155752508131	0.0	0.0	0.0	-0.023572964904208977	0.05374844660400413	0.0	0.0	0.0	-1.971750462811522	0.0
0.19399270154486709	0.0	0.0	0.0	0.0	0.0	0.0	0.0	0.0	0.0	0.0	0.0	0.0	0.0	0.0	0.0	0.0	-0.1046326339251209	0.0	0.0	0.0	0.0	0.0	0.0	0.0	0.0	0.0	0.0	0.0	0.012285123020410538	0.0	0.0	-0.013811832293868065	0.0	0.11178763210773468	0.0	0.0	0.0	0.0	0.0	3.1964928284994785	0.0	0.0	0.0	0.0	0.0	0.0	0.0	0.0	0.0	0.0	0.0	0.0	0.0	0.0	0.0	0.0	0.0	0.0	0.0	0.0	0.0	0.0	0.0	2.5009262099158653	0.0	0.7037997308169849	0.0	0.0	0.0	0.0	0.0	0.0	0.0	0.0	0.0	0.0	0.0	0.0	0.0	0.0	0.0	0.0	0.0	0.0	0.0	0.0	0.0	0.0	0.0	0.0	0.0	0.0	0.0	0.0	0.0	0.0	0.0	0.0	0.0	0.0	0.0	0.0	0.0	0.0	0.0	0.0	0.0	0.0	0.0	0.06267019838327542	-1.8061965358774787	1.1822577451534855	0.0	0.0	0.0	-0.025193413564314444	0.09075452690012753	0.0	0.0	0.0	-2.762451371806162	0.0
1.7351568731362237	0.0	0.0	0.0	0.0	0.0	0.0	0.0	0.0	0.0	0.0	0.0	0.0	0.0	0.0	0.0	0.0	0.20188095659250394	0.0	0.0	0.0	0.0	0.0	0.0	0.0	0.0	0.0	0.0	0.0	-0.0006048195995390415	0.0	0.0	0.019100531935691833	0.0	-0.010427026078104973	0.0	0.0	0.0	0.0	0.0	6.535559569402963	0.0	0.0	0.0	0.0	0.0	0.0	0.0	0.0	0.0	0.0	0.0	0.0	0.0	0.0	0.0	0.0	0.0	0.0	0.0	0.0	0.0	0.0	0.0	4.832874998907271	0.0	1.6121653930080009	0.0	0.0	0.0	0.0	0.0	0.0	0.0	0.0	0.0	0.0	0.0	0.0	0.0	0.0	0.0	0.0	0.0	0.0	0.0	0.0	0.0	0.0	0.0	0.0	0.0	0.0	0.0	0.0	0.0	0.0	0.0	0.0	0.0	0.0	0.0	0.0	0.0	0.0	0.0	0.0	0.0	0.0	0.0	0.9228067257627844	-1.587227385517742	5.2386608251012285	0.0	0.0	0.0	-0.0018639861373230815	0.04337802389636636	0.0	0.0	0.0	-1.0393497226516726	0.0
1.9300430307350684	0.0	0.0	0.0	0.0	0.0	0.0	0.0	0.0	0.0	0.0	0.0	0.0	0.0	0.0	0.0	0.0	0.6269908827380277	0.0	0.0	0.0	0.0	0.0	0.0	0.0	0.0	0.0	0.0	0.0	-0.02424699775874615	0.0	0.0	0.05126803740859032	0.0	-0.12709598243236542	0.0	0.0	0.0	0.0	0.0	4.797269302019496	0.0	0.0	0.0	0.0	0.0	0.0	0.0	0.0	0.0	0.0	0.0	0.0	0.0	0.0	0.0	0.0	0.0	0.0	0.0	0.0	0.0	0.0	0.0	4.490156701902185	0.0	1.6443652237314692	0.0	0.0	0.0	0.0	0.0	0.0	0.0	0.0	0.0	0.0	0.0	0.0	0.0	0.0	0.0	0.0	0.0	0.0	0.0	0.0	0.0	0.0	0.0	0.0	0.0	0.0	0.0	0.0	0.0	0.0	0.0	0.0	0.0	0.0	0.0	0.0	0.0	0.0	0.0	0.0	0.0	0.0	0.0	1.4807646036474034	-1.309813330138457	4.885526146535547	0.0	0.0	0.0	0.03003435170588394	0.005636986461468041	0.0	0.0	0.0	1.8385546610525625	0.0
0.4708926206417794	0.0	0.0	0.0	0.0	0.0	0.0	0.0	0.0	0.0	0.0	0.0	0.0	0.0	0.0	0.0	0.0	0.5362136208685115	0.0	0.0	0.0	0.0	0.0	0.0	0.0	0.0	0.0	0.0	0.0	-0.035284217447042465	0.0	0.0	0.04978910833597183	0.0	-0.11477068811655045	0.0	0.0	0.0	0.0	0.0	-0.244900257055518	0.0	0.0	0.0	0.0	0.0	0.0	0.0	0.0	0.0	0.0	0.0	0.0	0.0	0.0	0.0	0.0	0.0	0.0	0.0	0.0	0.0	0.0	0.0	0.9398457701070274	0.0	0.8129149794979813	0.0	0.0	0.0	0.0	0.0	0.0	0.0	0.0	0.0	0.0	0.0	0.0	0.0	0.0	0.0	0.0	0.0	0.0	0.0	0.0	0.0	0.0	0.0	0.0	0.0	0.0	0.0	0.0	0.0	0.0	0.0	0.0	0.0	0.0	0.0	0.0	0.0	0.0	0.0	0.0	0.0	0.0	0.0	1.0613231820287183	-0.7482170142011628	0.186145512438424	0.0	0.0	0.0	0.0339270739738519	0.07766118564177305	0.0	0.0	0.0	2.3475211816276986	0.0
-1.698733732869225	0.0	0.0	0.0	0.0	0.0	0.0	0.0	0.0	0.0	0.0	0.0	0.0	0.0	0.0	0.0	0.0	-1.0393681693327381	0.0	0.0	0.0	0.0	0.0	0.0	0.0	0.0	0.0	0.0	0.0	-0.024357403069734572	0.0	0.0	-0.005490354262292385	0.0	-0.03546908777207136	0.0	0.0	0.0	0.0	0.0	-5.715311040588997	0.0	0.0	0.0	0.0	0.0	0.0	0.0	0.0	0.0	0.0	0.0	0.0	0.0	0.0	0.0	0.0	0.0	0.0	0.0	0.0	0.0	0.0	0.0	-2.9571898690247758	0.0	-0.08085589221817382	0.0	0.0	0.0	0.0	0.0	0.0	0.0	0.0	0.0	0.0	0.0	0.0	0.0	0.0	0.0	0.0	0.0	0.0	0.0	0.0	0.0	0.0	0.0	0.0	0.0	0.0	0.0	0.0	0.0	0.0	0.0	0.0	0.0	0.0	0.0	0.0	0.0	0.0	0.0	0.0	0.0	0.0	0.0	0.16299355071299942	-0.8030418124582086	-4.6202218463662295	0.0	0.0	0.0	0.0015948964282870293	0.1953571282356279	0.0	0.0	0.0	0.16232687854054537	0.0
-2.8311843083300463	0.0	0.0	0.0	0.0	0.0	0.0	0.0	0.0	0.0	0.0	0.0	0.0	0.0	0.0	0.0	0.0	-3.0073595805450166	0.0	0.0	0.0	0.0	0.0	0.0	0.0	0.0	0.0	0.0	0.0	-0.0033907048404216767	0.0	0.0	-0.07698813080787659	0.0	-0.023926790803670883	0.0	0.0	0.0	0.0	0.0	-7.715919495460024	0.0	0.0	0.0	0.0	0.0	0.0	0.0	0.0	0.0	0.0	0.0	0.0	0.0	0.0	0.0	0.0	0.0	0.0	0.0	0.0	0.0	0.0	0.0	-3.9676967382733213	0.0	-0.5065790572193788	0.0	0.0	0.0	0.0	0.0	0.0	0.0	0.0	0.0	0.0	0.0	0.0	0.0	0.0	0.0	0.0	0.0	0.0	0.0	0.0	0.0	0.0	0.0	0.0	0.0	0.0	0.0	0.0	0.0	0.0	0.0	0.0	0.0	0.0	0.0	0.0	0.0	0.0	0.0	0.0	0.0	0.0	0.0	-0.5146868940908462	-1.5269618995393448	-5.802249602006318	0.0	0.0	0.0	-0.02481715720144469	0.20634687325218692	0.0	0.0	0.0	-1.7399580114367412	0.0
-1.9187825677367085	0.0	0.0	0.0	0.0	0.0	0.0	0.0	0.0	0.0	0.0	0.0	0.0	0.0	0.0	0.0	0.0	-2.6403675811947322	0.0	0.0	0.0	0.0	0.0	0.0	0.0	0.0	0.0	0.0	0.0	0.010595233272761106	0.0	0.0	-0.10129304975271225	0.0	-0.08735541999340057	0.0	0.0	0.0	0.0	0.0	-3.64201257281194	0.0	0.0	0.0	0.0	0.0	0.0	0.0	0.0	0.0	0.0	0.0	0.0	0.0	0.0	0.0	0.0	0.0	0.0	0.0	0.0	0.0	0.0	0.0	-2.026096452641836	0.0	-0.593483666938908	0.0	0.0	0.0	0.0	0.0	0.0	0.0	0.0	0.0	0.0	0.0	0.0	0.0	0.0	0.0	0.0	0.0	0.0	0.0	0.0	0.0	0.0	0.0	0.0	0.0	0.0	0.0	0.0	0.0	0.0	0.0	0.0	0.0	0.0	0.0	0.0	0.0	0.0	0.0	0.0	0.0	0.0	0.0	-0.8505552858924057	-1.3068754393607378	-3.430880149435968	0.0	0.0	0.0	-0.007511051216473182	0.09512544801691547	0.0	0.0	0.0	-1.791303906896776	0.0
-0.07305063074901727	0.0	0.0	0.0	0.0	0.0	0.0	0.0	0.0	0.0	0.0	0.0	0.0	0.0	0.0	0.0	0.0	0.21352104046945897	0.0	0.0	0.0	0.0	0.0	0.0	0.0	0.0	0.0	0.0	0.0	0.00963312943931669	0.0	0.0	-0.0672534927725792	0.0	-0.11634621396660805	0.0	0.0	0.0	0.0	0.0	2.453790248878583	0.0	0.0	0.0	0.0	0.0	0.0	0.0	0.0	0.0	0.0	0.0	0.0	0.0	0.0	0.0	0.0	0.0	0.0	0.0	0.0	0.0	0.0	0.0	0.03408489470924944	0.0	-0.6526876354213567	0.0	0.0	0.0	0.0	0.0	0.0	0.0	0.0	0.0	0.0	0.0	0.0	0.0	0.0	0.0	0.0	0.0	0.0	0.0	0.0	0.0	0.0	0.0	0.0	0.0	0.0	0.0	0.0	0.0	0.0	0.0	0.0	0.0	0.0	0.0	0.0	0.0	0.0	0.0	0.0	0.0	0.0	0.0	-0.87707811209606	0.5899433250807868	-0.4522824495493506	0.0	0.0	0.0	0.02673264583184694	0.002133004483766854	0.0	0.0	0.0	-1.2105136240876004	0.0
0.5236159409635125	0.0	0.0	0.0	0.0	0.0	0.0	0.0	0.0	0.0	0.0	0.0	0.0	0.0	0.0	0.0	0.0	1.7504773516149725	0.0	0.0	0.0	0.0	0.0	0.0	0.0	0.0	0.0	0.0	0.0	-0.004609779454767704	0.0	0.0	-0.025274960324168205	0.0	-0.05927760899066925	0.0	0.0	0.0	0.0	0.0	2.202242037293183	0.0	0.0	0.0	0.0	0.0	0.0	0.0	0.0	0.0	0.0	0.0	0.0	0.0	0.0	0.0	0.0	0.0	0.0	0.0	0.0	0.0	0.0	0.0	0.10361059309240986	0.0	-0.7994603431285755	0.0	0.0	0.0	0.0	0.0	0.0	0.0	0.0	0.0	0.0	0.0	0.0	0.0	0.0	0.0	0.0	0.0	0.0	0.0	0.0	0.0	0.0	0.0	0.0	0.0	0.0	0.0	0.0	0.0	0.0	0.0	0.0	0.0	0.0	0.0	0.0	0.0	0.0	0.0	0.0	0.0	0.0	0.0	-0.4487288931105286	2.2148306413154515	0.5537450204245173	0.0	0.0	0.0	0.019934376003220677	0.002595172292785719	0.0	0.0	0.0	-0.628033199096815	0.0
-0.5670587874225071	0.0	0.0	0.0	0.0	0.0	0.0	0.0	0.0	0.0	0.0	0.0	0.0	0.0	0.0	0.0	0.0	-0.5924899481324246	0.0	0.0	0.0	0.0	0.0	0.0	0.0	0.0	0.0	0.0	0.0	-0.023504525981843473	0.0	0.0	-0.015464503318071365	0.0	0.022311009466648102	0.0	0.0	0.0	0.0	0.0	-5.269744487318706	0.0	0.0	0.0	0.0	0.0	0.0	0.0	0.0	0.0	0.0	0.0	0.0	0.0	0.0	0.0	0.0	0.0	0.0	0.0	0.0	0.0	0.0	0.0	-0.9112094312799758	0.0	-0.9840105705438776	0.0	0.0	0.0	0.0	0.0	0.0	0.0	0.0	0.0	0.0	0.0	0.0	0.0	0.0	0.0	0.0	0.0	0.0	0.0	0.0	0.0	0.0	0.0	0.0	0.0	0.0	0.0	0.0	0.0	0.0	0.0	0.0	0.0	0.0	0.0	0.0	0.0	0.0	0.0	0.0	0.0	0.0	0.0	0.2207725881692022	1.523319107407172	-0.43240342072229115	0.0	0.0	0.0	-0.02941203280352056	0.0034901126637123525	0.0	0.0	0.0	1.0736077443253924	0.0
-1.404954490664673	0.0	0.0	0.0	0.0	0.0	0.0	0.0	0.0	0.0	0.0	0.0	0.0	0.0	0.0	0.0	0.0	-3.6674712535343135	0.0	0.0	0.0	0.0	0.0	0.0	0.0	0.0	0.0	0.0	0.0	-0.03373280707746744	0.0	0.0	-0.022488269954919815	0.0	0.06749352067708969	0.0	0.0	0.0	0.0	0.0	-9.779971855680776	0.0	0.0	0.0	0.0	0.0	0.0	0.0	0.0	0.0	0.0	0.0	0.0	0.0	0.0	0.0	0.0	0.0	0.0	0.0	0.0	0.0	0.0	0.0	-0.9214424648442295	0.0	-1.037781569591545	0.0	0.0	0.0	0.0	0.0	0.0	0.0	0.0	0.0	0.0	0.0	0.0	0.0	0.0	0.0	0.0	0.0	0.0	0.0	0.0	0.0	0.0	0.0	0.0	0.0	0.0	0.0	0.0	0.0	0.0	0.0	0.0	0.0	0.0	0.0	0.0	0.0	0.0	0.0	0.0	0.0	0.0	0.0	0.41173320163041355	-0.4199287464043924	-1.5091232623188542	0.0	0.0	0.0	-0.058665971485121794	-0.07789966039126739	0.0	0.0	0.0	3.6216071209675826	0.0
-0.5685615014980882	0.0	0.0	0.0	0.0	0.0	0.0	0.0	0.0	0.0	0.0	0.0	0.0	0.0	0.0	0.0	0.0	-2.730164211499505	0.0	0.0	0.0	0.0	0.0	0.0	0.0	0.0	0.0	0.0	0.0	-0.02615117225795984	0.0	0.0	-0.010954730212688446	0.0	0.08518493175506592	0.0	0.0	0.0	0.0	0.0	-4.255736467505133	0.0	0.0	0.0	0.0	0.0	0.0	0.0	0.0	0.0	0.0	0.0	0.0	0.0	0.0	0.0	0.0	0.0	0.0	0.0	0.0	0.0	0.0	0.0	0.1658349736108187	0.0	-0.7471058745274043	0.0	0.0	0.0	0.0	0.0	0.0	0.0	0.0	0.0	0.0	0.0	0.0	0.0	0.0	0.0	0.0	0.0	0.0	0.0	0.0	0.0	0.0	0.0	0.0	0.0	0.0	0.0	0.0	0.0	0.0	0.0	0.0	0.0	0.0	0.0	0.0	0.0	0.0	0.0	0.0	0.0	0.0	0.0	-0.1299102590046823	-0.9816783721736144	-1.3647731329959172	0.0	0.0	0.0	-0.03158805208901564	-0.15858694061171263	0.0	0.0	0.0	4.457480362810931	0.0
0.672889214116335	0.0	0.0	0.0	0.0	0.0	0.0	0.0	0.0	0.0	0.0	0.0	0.0	0.0	0.0	0.0	0.0	1.2984510537819005	0.0	0.0	0.0	0.0	0.0	0.0	0.0	0.0	0.0	0.0	0.0	-0.0059229698032140735	0.0	0.0	0.025214623659849167	0.0	0.09841355122625828	0.0	0.0	0.0	0.0	0.0	3.588976423446195	0.0	0.0	0.0	0.0	0.0	0.0	0.0	0.0	0.0	0.0	0.0	0.0	0.0	0.0	0.0	0.0	0.0	0.0	0.0	0.0	0.0	0.0	0.0	0.4095658627834092	0.0	-0.13493571928305986	0.0	0.0	0.0	0.0	0.0	0.0	0.0	0.0	0.0	0.0	0.0	0.0	0.0	0.0	0.0	0.0	0.0	0.0	0.0	0.0	0.0	0.0	0.0	0.0	0.0	0.0	0.0	0.0	0.0	0.0	0.0	0.0	0.0	0.0	0.0	0.0	0.0	0.0	0.0	0.0	0.0	0.0	0.0	-0.6333180821128189	0.10012214429499137	-0.6526184551847669	0.0	0.0	0.0	0.00950682981601858	-0.12201006000395864	0.0	0.0	0.0	2.69263788344232	0.0
0.4788106210502468	0.0	0.0	0.0	0.0	0.0	0.0	0.0	0.0	0.0	0.0	0.0	0.0	0.0	0.0	0.0	0.0	2.8838933574326804	0.0	0.0	0.0	0.0	0.0	0.0	0.0	0.0	0.0	0.0	0.0	0.010811961814761161	0.0	0.0	0.06106691062450409	0.0	0.11148574203252792	0.0	0.0	0.0	0.0	0.0	2.47489027535142	0.0	0.0	0.0	0.0	0.0	0.0	0.0	0.0	0.0	0.0	0.0	0.0	0.0	0.0	0.0	0.0	0.0	0.0	0.0	0.0	0.0	0.0	0.0	-1.1239121497950537	0.0	0.454191592442704	0.0	0.0	0.0	0.0	0.0	0.0	0.0	0.0	0.0	0.0	0.0	0.0	0.0	0.0	0.0	0.0	0.0	0.0	0.0	0.0	0.0	0.0	0.0	0.0	0.0	0.0	0.0	0.0	0.0	0.0	0.0	0.0	0.0	0.0	0.0	0.0	0.0	0.0	0.0	0.0	0.0	0.0	0.0	-0.3558545477315784	0.8234059352317542	-0.45654726897437986	0.0	0.0	0.0	0.009100252956462404	-0.020230294758221135	0.0	0.0	0.0	0.9812607059183602	0.0
-0.45060062901219183	0.0	0.0	0.0	0.0	0.0	0.0	0.0	0.0	0.0	0.0	0.0	0.0	0.0	0.0	0.0	0.0	0.08459499532254995	0.0	0.0	0.0	0.0	0.0	0.0	0.0	0.0	0.0	0.0	0.0	0.011661515943706036	0.0	0.0	0.06614571809768677	0.0	0.15081938356161118	0.0	0.0	0.0	0.0	0.0	-4.256507252620038	0.0	0.0	0.0	0.0	0.0	0.0	0.0	0.0	0.0	0.0	0.0	0.0	0.0	0.0	0.0	0.0	0.0	0.0	0.0	0.0	0.0	0.0	0.0	-2.7228812217821385	0.0	0.754160588354546	0.0	0.0	0.0	0.0	0.0	0.0	0.0	0.0	0.0	0.0	0.0	0.0	0.0	0.0	0.0	0.0	0.0	0.0	0.0	0.0	0.0	0.0	0.0	0.0	0.0	0.0	0.0	0.0	0.0	0.0	0.0	0.0	0.0	0.0	0.0	0.0	0.0	0.0	0.0	0.0	0.0	0.0	0.0	0.2757311638165265	0.665357126379829	-0.1833629519535372	0.0	0.0	0.0	-0.022087685608615477	-0.00980927050113678	0.0	0.0	0.0	1.2397570048284892	0.0
0.009571687990847096	0.0	0.0	0.0	0.0	0.0	0.0	0.0	0.0	0.0	0.0	0.0	0.0	0.0	0.0	0.0	0.0	-2.834042140265228	0.0	0.0	0.0	0.0	0.0	0.0	0.0	0.0	0.0	0.0	0.0	-0.002585715427994728	0.0	0.0	0.025875305756926537	0.0	0.2435733750462532	0.0	0.0	0.0	0.0	0.0	-3.4226204104650813	0.0	0.0	0.0	0.0	0.0	0.0	0.0	0.0	0.0	0.0	0.0	0.0	0.0	0.0	0.0	0.0	0.0	0.0	0.0	0.0	0.0	0.0	0.0	-2.2387343086896743	0.0	0.8407555317327856	0.0	0.0	0.0	0.0	0.0	0.0	0.0	0.0	0.0	0.0	0.0	0.0	0.0	0.0	0.0	0.0	0.0	0.0	0.0	0.0	0.0	0.0	0.0	0.0	0.0	0.0	0.0	0.0	0.0	0.0	0.0	0.0	0.0	0.0	0.0	0.0	0.0	0.0	0.0	0.0	0.0	0.0	0.0	0.33843051000498237	1.3283482199246508	1.4948798364905926	0.0	0.0	0.0	-0.03231346017370621	-0.11864996666554362	0.0	0.0	0.0	1.3027734103674007	0.0
1.7034372898582866	0.0	0.0	0.0	0.0	0.0	0.0	0.0	0.0	0.0	0.0	0.0	0.0	0.0	0.0	0.0	0.0	-2.2675625507486985	0.0	0.0	0.0	0.0	0.0	0.0	0.0	0.0	0.0	0.0	0.0	-0.0194795373827219	0.0	0.0	-0.040169503539800644	0.0	0.3246225565671921	0.0	0.0	0.0	0.0	0.0	6.343368273905163	0.0	0.0	0.0	0.0	0.0	0.0	0.0	0.0	0.0	0.0	0.0	0.0	0.0	0.0	0.0	0.0	0.0	0.0	0.0	0.0	0.0	0.0	0.0	-0.020996692244884894	0.0	0.7930557451302562	0.0	0.0	0.0	0.0	0.0	0.0	0.0	0.0	0.0	0.0	0.0	0.0	0.0	0.0	0.0	0.0	0.0	0.0	0.0	0.0	0.0	0.0	0.0	0.0	0.0	0.0	0.0	0.0	0.0	0.0	0.0	0.0	0.0	0.0	0.0	0.0	0.0	0.0	0.0	0.0	0.0	0.0	0.0	-0.11774369234684855	3.150942594218733	3.711534319911152	0.0	0.0	0.0	-0.008023308978105584	-0.20625385863240808	0.0	0.0	0.0	-1.1479324104499768	0.0
2.096820527493037	0.0	0.0	0.0	0.0	0.0	0.0	0.0	0.0	0.0	0.0	0.0	0.0	0.0	0.0	0.0	0.0	-0.35310583346290514	0.0	0.0	0.0	0.0	0.0	0.0	0.0	0.0	0.0	0.0	0.0	-0.022092632343992592	0.0	0.0	-0.07966718077659607	0.0	0.2658509463071823	0.0	0.0	0.0	0.0	0.0	11.033628208528839	0.0	0.0	0.0	0.0	0.0	0.0	0.0	0.0	0.0	0.0	0.0	0.0	0.0	0.0	0.0	0.0	0.0	0.0	0.0	0.0	0.0	0.0	0.0	1.5398600132952622	0.0	0.4604178756336741	0.0	0.0	0.0	0.0	0.0	0.0	0.0	0.0	0.0	0.0	0.0	0.0	0.0	0.0	0.0	0.0	0.0	0.0	0.0	0.0	0.0	0.0	0.0	0.0	0.0	0.0	0.0	0.0	0.0	0.0	0.0	0.0	0.0	0.0	0.0	0.0	0.0	0.0	0.0	0.0	0.0	0.0	0.0	-0.19958417786285282	3.656355321309751	3.5793214396625093	0.0	0.0	0.0	0.018011418404057622	-0.16503729636315256	0.0	0.0	0.0	-3.7236377504983005	0.0
0.250754552034009	0.0	0.0	0.0	0.0	0.0	0.0	0.0	0.0	0.0	0.0	0.0	0.0	0.0	0.0	0.0	0.0	-0.49857699489220975	0.0	0.0	0.0	0.0	0.0	0.0	0.0	0.0	0.0	0.0	0.0	-0.002083340147510171	0.0	0.0	-0.05452125519514084	0.0	0.05614906083792448	0.0	0.0	0.0	0.0	0.0	2.7097003424394273	0.0	0.0	0.0	0.0	0.0	0.0	0.0	0.0	0.0	0.0	0.0	0.0	0.0	0.0	0.0	0.0	0.0	0.0	0.0	0.0	0.0	0.0	0.0	1.075609898254117	0.0	-0.09495159454564465	0.0	0.0	0.0	0.0	0.0	0.0	0.0	0.0	0.0	0.0	0.0	0.0	0.0	0.0	0.0	0.0	0.0	0.0	0.0	0.0	0.0	0.0	0.0	0.0	0.0	0.0	0.0	0.0	0.0	0.0	0.0	0.0	0.0	0.0	0.0	0.0	0.0	0.0	0.0	0.0	0.0	0.0	0.0	0.31150025214534255	1.3218075385982437	0.3821685352555225	0.0	0.0	0.0	0.026194011482099693	-0.053636247059330344	0.0	0.0	0.0	-2.463365161530469	0.0
-1.5110567813038946	0.0	0.0	0.0	0.0	0.0	0.0	0.0	0.0	0.0	0.0	0.0	0.0	0.0	0.0	0.0	0.0	-1.5715090139463428	0.0	0.0	0.0	0.0	0.0	0.0	0.0	0.0	0.0	0.0	0.0	0.026382662518881262	0.0	0.0	0.00981961376965046	0.0	-0.13733938336372375	0.0	0.0	0.0	0.0	0.0	-7.851399640476072	0.0	0.0	0.0	0.0	0.0	0.0	0.0	0.0	0.0	0.0	0.0	0.0	0.0	0.0	0.0	0.0	0.0	0.0	0.0	0.0	0.0	0.0	0.0	-0.37687608943954903	0.0	-0.3533111391093661	0.0	0.0	0.0	0.0	0.0	0.0	0.0	0.0	0.0	0.0	0.0	0.0	0.0	0.0	0.0	0.0	0.0	0.0	0.0	0.0	0.0	0.0	0.0	0.0	0.0	0.0	0.0	0.0	0.0	0.0	0.0	0.0	0.0	0.0	0.0	0.0	0.0	0.0	0.0	0.0	0.0	0.0	0.0	0.5647572944080457	-1.4762877973811035	-2.391508839114641	0.0	0.0	0.0	0.03041575049671034	0.00360650522634387	0.0	0.0	0.0	1.4025060590091136	0.0
-1.0562759404973303	0.0	0.0	0.0	0.0	0.0	0.0	0.0	0.0	0.0	0.0	0.0	0.0	0.0	0.0	0.0	0.0	-0.507513616560027	0.0	0.0	0.0	0.0	0.0	0.0	0.0	0.0	0.0	0.0	0.0	0.03406195193529129	0.0	0.0	0.04966532438993454	0.0	-0.16475088521838188	0.0	0.0	0.0	0.0	0.0	-7.241419847866025	0.0	0.0	0.0	0.0	0.0	0.0	0.0	0.0	0.0	0.0	0.0	0.0	0.0	0.0	0.0	0.0	0.0	0.0	0.0	0.0	0.0	0.0	0.0	-1.1644646129843363	0.0	-0.05240557599376808	0.0	0.0	0.0	0.0	0.0	0.0	0.0	0.0	0.0	0.0	0.0	0.0	0.0	0.0	0.0	0.0	0.0	0.0	0.0	0.0	0.0	0.0	0.0	0.0	0.0	0.0	0.0	0.0	0.0	0.0	0.0	0.0	0.0	0.0	0.0	0.0	0.0	0.0	0.0	0.0	0.0	0.0	0.0	0.0232837026566267	-1.5803017330666382	-1.364647100124365	0.0	0.0	0.0	0.03691306607409691	-0.029401947860606015	0.0	0.0	0.0	2.409734643885743	0.0
0.44027931239358786	0.0	0.0	0.0	0.0	0.0	0.0	0.0	0.0	0.0	0.0	0.0	0.0	0.0	0.0	0.0	0.0	1.7560653589142021	0.0	0.0	0.0	0.0	0.0	0.0	0.0	0.0	0.0	0.0	0.0	0.010303606744855642	0.0	0.0	0.03932410106062889	0.0	-0.07811980042606592	0.0	0.0	0.0	0.0	0.0	1.5484410965037119	0.0	0.0	0.0	0.0	0.0	0.0	0.0	0.0	0.0	0.0	0.0	0.0	0.0	0.0	0.0	0.0	0.0	0.0	0.0	0.0	0.0	0.0	0.0	-0.9877239594315278	0.0	0.24758225822811353	0.0	0.0	0.0	0.0	0.0	0.0	0.0	0.0	0.0	0.0	0.0	0.0	0.0	0.0	0.0	0.0	0.0	0.0	0.0	0.0	0.0	0.0	0.0	0.0	0.0	0.0	0.0	0.0	0.0	0.0	0.0	0.0	0.0	0.0	0.0	0.0	0.0	0.0	0.0	0.0	0.0	0.0	0.0	-0.6395152858563233	0.34800134114921094	1.6647615132280267	0.0	0.0	0.0	0.027002797559058916	-0.08681618982518557	0.0	0.0	0.0	-1.1712148162628433	0.0
0.5570876501537704	0.0	0.0	0.0	0.0	0.0	0.0	0.0	0.0	0.0	0.0	0.0	0.0	0.0	0.0	0.0	0.0	1.6302154045726638	0.0	0.0	0.0	0.0	0.0	0.0	0.0	0.0	0.0	0.0	0.0	-0.018379970558453352	0.0	0.0	0.009604556486010551	0.0	-0.034856061451137066	0.0	0.0	0.0	0.0	0.0	5.8313505868957956	0.0	0.0	0.0	0.0	0.0	0.0	0.0	0.0	0.0	0.0	0.0	0.0	0.0	0.0	0.0	0.0	0.0	0.0	0.0	0.0	0.0	0.0	0.0	-0.47764298139001304	0.0	-0.02818888489236223	0.0	0.0	0.0	0.0	0.0	0.0	0.0	0.0	0.0	0.0	0.0	0.0	0.0	0.0	0.0	0.0	0.0	0.0	0.0	0.0	0.0	0.0	0.0	0.0	0.0	0.0	0.0	0.0	0.0	0.0	0.0	0.0	0.0	0.0	0.0	0.0	0.0	0.0	0.0	0.0	0.0	0.0	0.0	-0.5615305572643411	0.9343153444429239	1.9053169237503496	0.0	0.0	0.0	-0.004595061453680198	-0.08619350695516914	0.0	0.0	0.0	-4.678054453194228	0.0
-0.6341780972021989	0.0	0.0	0.0	0.0	0.0	0.0	0.0	0.0	0.0	0.0	0.0	0.0	0.0	0.0	0.0	0.0	-0.78151498549596	0.0	0.0	0.0	0.0	0.0	0.0	0.0	0.0	0.0	0.0	0.0	-0.01964416466653347	0.0	0.0	-0.00960568431764841	0.0	-0.0784943737089634	0.0	0.0	0.0	0.0	0.0	2.339420831656154	0.0	0.0	0.0	0.0	0.0	0.0	0.0	0.0	0.0	0.0	0.0	0.0	0.0	0.0	0.0	0.0	0.0	0.0	0.0	0.0	0.0	0.0	0.0	0.2417970087448571	0.0	-0.4534619226221966	0.0	0.0	0.0	0.0	0.0	0.0	0.0	0.0	0.0	0.0	0.0	0.0	0.0	0.0	0.0	0.0	0.0	0.0	0.0	0.0	0.0	0.0	0.0	0.0	0.0	0.0	0.0	0.0	0.0	0.0	0.0	0.0	0.0	0.0	0.0	0.0	0.0	0.0	0.0	0.0	0.0	0.0	0.0	0.049275986393913625	-0.8512795993570416	-1.411844831633901	0.0	0.0	0.0	-0.028848770229766767	0.004517466470133513	0.0	0.0	0.0	-3.781838327810644	0.0
-0.9827086319755836	0.0	0.0	0.0	0.0	0.0	0.0	0.0	0.0	0.0	0.0	0.0	0.0	0.0	0.0	0.0	0.0	-1.381698334277462	0.0	0.0	0.0	0.0	0.0	0.0	0.0	0.0	0.0	0.0	0.0	0.0014599058777093887	0.0	0.0	-0.01969994604587555	0.0	-0.11785329133272171	0.0	0.0	0.0	0.0	0.0	-1.193972757179732	0.0	0.0	0.0	0.0	0.0	0.0	0.0	0.0	0.0	0.0	0.0	0.0	0.0	0.0	0.0	0.0	0.0	0.0	0.0	0.0	0.0	0.0	0.0	1.5010091795169926	0.0	-0.2390426736988531	0.0	0.0	0.0	0.0	0.0	0.0	0.0	0.0	0.0	0.0	0.0	0.0	0.0	0.0	0.0	0.0	0.0	0.0	0.0	0.0	0.0	0.0	0.0	0.0	0.0	0.0	0.0	0.0	0.0	0.0	0.0	0.0	0.0	0.0	0.0	0.0	0.0	0.0	0.0	0.0	0.0	0.0	0.0	0.36565610583813396	-2.4149127160686823	-3.550831702018443	0.0	0.0	0.0	-0.01991738627354304	0.14169541012961417	0.0	0.0	0.0	-0.07176035776885309	0.0
0.2877253452746848	0.0	0.0	0.0	0.0	0.0	0.0	0.0	0.0	0.0	0.0	0.0	0.0	0.0	0.0	0.0	0.0	1.4195153348940948	0.0	0.0	0.0	0.0	0.0	0.0	0.0	0.0	0.0	0.0	0.0	0.011956780101172626	0.0	0.0	-0.01632990688085556	0.0	-0.086720060557127	0.0	0.0	0.0	0.0	0.0	-0.17703178847618284	0.0	0.0	0.0	0.0	0.0	0.0	0.0	0.0	0.0	0.0	0.0	0.0	0.0	0.0	0.0	0.0	0.0	0.0	0.0	0.0	0.0	0.0	0.0	2.931347391449232	0.0	0.35295427620950887	0.0	0.0	0.0	0.0	0.0	0.0	0.0	0.0	0.0	0.0	0.0	0.0	0.0	0.0	0.0	0.0	0.0	0.0	0.0	0.0	0.0	0.0	0.0	0.0	0.0	0.0	0.0	0.0	0.0	0.0	0.0	0.0	0.0	0.0	0.0	0.0	0.0	0.0	0.0	0.0	0.0	0.0	0.0	0.22261075770715252	-1.562808809429407	-1.0131380248922282	0.0	0.0	0.0	0.010415440114835898	0.22499824222177267	0.0	0.0	0.0	2.3292206574364434	0.0
1.6394696394808577	0.0	0.0	0.0	0.0	0.0	0.0	0.0	0.0	0.0	0.0	0.0	0.0	0.0	0.0	0.0	0.0	4.09137552093016	0.0	0.0	0.0	0.0	0.0	0.0	0.0	0.0	0.0	0.0	0.0	0.0002053491771221161	0.0	0.0	0.023515095934271812	0.0	-0.017299827188253403	0.0	0.0	0.0	0.0	0.0	1.8774005035586845	0.0	0.0	0.0	0.0	0.0	0.0	0.0	0.0	0.0	0.0	0.0	0.0	0.0	0.0	0.0	0.0	0.0	0.0	0.0	0.0	0.0	0.0	0.0	3.426085141051481	0.0	0.28423997016618663	0.0	0.0	0.0	0.0	0.0	0.0	0.0	0.0	0.0	0.0	0.0	0.0	0.0	0.0	0.0	0.0	0.0	0.0	0.0	0.0	0.0	0.0	0.0	0.0	0.0	0.0	0.0	0.0	0.0	0.0	0.0	0.0	0.0	0.0	0.0	0.0	0.0	0.0	0.0	0.0	0.0	0.0	0.0	0.16930743002332746	0.5493578896636054	3.2751229411635836	0.0	0.0	0.0	0.033177627405772604	0.18392609059810638	0.0	0.0	0.0	2.5354217186539465	0.0
1.693782797459213	0.0	0.0	0.0	0.0	0.0	0.0	0.0	0.0	0.0	0.0	0.0	0.0	0.0	0.0	0.0	0.0	3.354677925739088	0.0	0.0	0.0	0.0	0.0	0.0	0.0	0.0	0.0	0.0	0.0	-0.01129410257562995	0.0	0.0	0.08798874914646149	0.0	0.03452596999704838	0.0	0.0	0.0	0.0	0.0	2.00990923132771	0.0	0.0	0.0	0.0	0.0	0.0	0.0	0.0	0.0	0.0	0.0	0.0	0.0	0.0	0.0	0.0	0.0	0.0	0.0	0.0	0.0	0.0	0.0	2.4680733707723546	0.0	-0.5492368096662524	0.0	0.0	0.0	0.0	0.0	0.0	0.0	0.0	0.0	0.0	0.0	0.0	0.0	0.0	0.0	0.0	0.0	0.0	0.0	0.0	0.0	0.0	0.0	0.0	0.0	0.0	0.0	0.0	0.0	0.0	0.0	0.0	0.0	0.0	0.0	0.0	0.0	0.0	0.0	0.0	0.0	0.0	0.0	0.41052088715136054	1.4592437958233946	4.063066234898109	0.0	0.0	0.0	0.0366628905418717	0.06402137828990817	0.0	0.0	0.0	2.283521758355354	0.0
0.8403127110240617	0.0	0.0	0.0	0.0	0.0	0.0	0.0	0.0	0.0	0.0	0.0	0.0	0.0	0.0	0.0	0.0	0.7154240086616482	0.0	0.0	0.0	0.0	0.0	0.0	0.0	0.0	0.0	0.0	0.0	-0.006359553663060069	0.0	0.0	0.11357424408197403	0.0	0.04550270829349756	0.0	0.0	0.0	0.0	0.0	1.897888730368518	0.0	0.0	0.0	0.0	0.0	0.0	0.0	0.0	0.0	0.0	0.0	0.0	0.0	0.0	0.0	0.0	0.0	0.0	0.0	0.0	0.0	0.0	0.0	0.840168027028917	0.0	-1.0209301562974864	0.0	0.0	0.0	0.0	0.0	0.0	0.0	0.0	0.0	0.0	0.0	0.0	0.0	0.0	0.0	0.0	0.0	0.0	0.0	0.0	0.0	0.0	0.0	0.0	0.0	0.0	0.0	0.0	0.0	0.0	0.0	0.0	0.0	0.0	0.0	0.0	0.0	0.0	0.0	0.0	0.0	0.0	0.0	0.4890015681111254	0.6634547448317919	1.0232637332519516	0.0	0.0	0.0	0.02567725325934589	-0.015359855256974697	0.0	0.0	0.0	1.9132686200741023	0.0
